naics	name	sector	sectorCode	subsector	subsectorCode	group	groupCode	action	object	packageName	completionPct	actorCount	roleCount	entityCount	actionCount	eventCount	searchCount	hasWorkflow	hasUsageExamples
111110	Soybean Farming	Agriculture, Forestry, Fishing and Hunting	11	Crop Production	111	Oilseed and Grain Farming	1111	Farm	Soybean	@headlessly/farm-soybean	100	9	5	10	14	14	7	1	1
111120	Oilseed (except Soybean) Farming	Agriculture, Forestry, Fishing and Hunting	11	Crop Production	111	Oilseed and Grain Farming	1111	Farm	Oilseed	@headlessly/farm-oilseed	100	9	5	10	14	14	8	1	1
111130	Dry Pea and Bean Farming	Agriculture, Forestry, Fishing and Hunting	11	Crop Production	111	Oilseed and Grain Farming	1111	Farm	Dry Pea	@headlessly/farm-dry-pea	100	9	5	10	14	14	8	1	1
111140	Wheat Farming	Agriculture, Forestry, Fishing and Hunting	11	Crop Production	111	Oilseed and Grain Farming	1111	Farm	Wheat	@headlessly/farm-wheat	100	9	5	10	14	14	8	1	1
111150	Corn Farming	Agriculture, Forestry, Fishing and Hunting	11	Crop Production	111	Oilseed and Grain Farming	1111	Farm	Corn	@headlessly/farm-corn	100	10	5	10	14	14	8	1	1
111160	Rice Farming	Agriculture, Forestry, Fishing and Hunting	11	Crop Production	111	Oilseed and Grain Farming	1111	Farm	Rice	@headlessly/farm-rice	100	9	6	10	15	15	8	1	1
111191	Oilseed and Grain Combination Farming	Agriculture, Forestry, Fishing and Hunting	11	Crop Production	111	Oilseed and Grain Farming	1111	Farm	Oilseed Grain	@headlessly/farm-oilseed-grain	100	9	6	10	14	14	8	1	1
111199	All Other Grain Farming	Agriculture, Forestry, Fishing and Hunting	11	Crop Production	111	Oilseed and Grain Farming	1111	Farm	Grain	@headlessly/farm-grain	100	10	5	10	14	14	8	1	1
111211	Potato Farming	Agriculture, Forestry, Fishing and Hunting	11	Crop Production	111	Vegetable and Melon Farming	1112	Grow	Potato	@headlessly/grow-potato	100	10	6	10	16	16	8	1	1
111219	Other Vegetable (except Potato) and Melon Farming	Agriculture, Forestry, Fishing and Hunting	11	Crop Production	111	Vegetable and Melon Farming	1112	Grow	Vegetable Melon	@headlessly/grow-vegetable-melon	100	11	7	10	15	16	8	1	1
111310	Orange Groves	Agriculture, Forestry, Fishing and Hunting	11	Crop Production	111	Fruit and Tree Nut Farming	1113	Grow	Orange Groves	@headlessly/grow-orange-groves	100	10	6	10	14	15	8	1	1
111320	Citrus (except Orange) Groves	Agriculture, Forestry, Fishing and Hunting	11	Crop Production	111	Fruit and Tree Nut Farming	1113	Grow	Citrus Groves	@headlessly/grow-citrus-groves	100	11	7	10	14	15	8	1	1
111331	Apple Orchards	Agriculture, Forestry, Fishing and Hunting	11	Crop Production	111	Fruit and Tree Nut Farming	1113	Grow	Apple Orchards	@headlessly/grow-apple-orchards	100	11	7	10	14	14	8	1	1
111332	Grape Vineyards	Agriculture, Forestry, Fishing and Hunting	11	Crop Production	111	Fruit and Tree Nut Farming	1113	Grow	Grape Vineyards	@headlessly/grow-grape-vineyards	100	11	7	10	14	16	8	1	1
111333	Strawberry Farming	Agriculture, Forestry, Fishing and Hunting	11	Crop Production	111	Fruit and Tree Nut Farming	1113	Grow	Strawberry	@headlessly/grow-strawberry	100	10	7	10	14	16	8	1	1
111334	Berry (except Strawberry) Farming	Agriculture, Forestry, Fishing and Hunting	11	Crop Production	111	Fruit and Tree Nut Farming	1113	Grow	Berry	@headlessly/grow-berry	100	10	7	10	14	15	8	1	1
111335	Tree Nut Farming	Agriculture, Forestry, Fishing and Hunting	11	Crop Production	111	Fruit and Tree Nut Farming	1113	Grow	Tree Nut	@headlessly/grow-tree-nut	100	10	6	10	14	16	8	1	1
111336	Fruit and Tree Nut Combination Farming	Agriculture, Forestry, Fishing and Hunting	11	Crop Production	111	Fruit and Tree Nut Farming	1113	Grow	Fruit Tree	@headlessly/grow-fruit-tree	100	11	7	10	13	14	8	1	1
111339	Other Noncitrus Fruit Farming	Agriculture, Forestry, Fishing and Hunting	11	Crop Production	111	Fruit and Tree Nut Farming	1113	Grow	Noncitrus Fruit	@headlessly/grow-noncitrus-fruit	100	10	7	10	14	15	8	1	1
111411	Mushroom Production	Agriculture, Forestry, Fishing and Hunting	11	Crop Production	111	Greenhouse, Nursery, and Floriculture Production	1114	Grow	Mushroom	@headlessly/grow-mushroom	100	10	8	10	15	16	8	1	1
111419	Other Food Crops Grown Under Cover	Agriculture, Forestry, Fishing and Hunting	11	Crop Production	111	Greenhouse, Nursery, and Floriculture Production	1114	Grow	Food Crops	@headlessly/grow-food-crops	100	10	8	10	15	16	8	1	1
111421	Nursery and Tree Production	Agriculture, Forestry, Fishing and Hunting	11	Crop Production	111	Greenhouse, Nursery, and Floriculture Production	1114	Grow	Nursery Tree	@headlessly/grow-nursery-tree	100	10	8	10	15	17	8	1	1
111422	Floriculture Production	Agriculture, Forestry, Fishing and Hunting	11	Crop Production	111	Greenhouse, Nursery, and Floriculture Production	1114	Grow	Floriculture	@headlessly/grow-floriculture	100	10	8	10	15	16	8	1	1
111910	Tobacco Farming	Agriculture, Forestry, Fishing and Hunting	11	Crop Production	111	Other Crop Farming	1119	Farm	Tobacco	@headlessly/farm-tobacco	100	10	6	10	15	15	8	1	1
111920	Cotton Farming	Agriculture, Forestry, Fishing and Hunting	11	Crop Production	111	Other Crop Farming	1119	Farm	Cotton	@headlessly/farm-cotton	100	11	6	10	16	17	8	1	1
111930	Sugarcane Farming	Agriculture, Forestry, Fishing and Hunting	11	Crop Production	111	Other Crop Farming	1119	Farm	Sugarcane	@headlessly/farm-sugarcane	100	9	6	10	16	16	8	1	1
111940	Hay Farming	Agriculture, Forestry, Fishing and Hunting	11	Crop Production	111	Other Crop Farming	1119	Farm	Hay	@headlessly/farm-hay	100	10	5	10	15	13	8	1	1
111991	Sugar Beet Farming	Agriculture, Forestry, Fishing and Hunting	11	Crop Production	111	Other Crop Farming	1119	Farm	Sugar Beet	@headlessly/farm-sugar-beet	100	10	5	10	15	15	8	1	1
111992	Peanut Farming	Agriculture, Forestry, Fishing and Hunting	11	Crop Production	111	Other Crop Farming	1119	Farm	Peanut	@headlessly/farm-peanut	100	10	5	10	15	14	8	1	1
111998	All Other Miscellaneous Crop Farming	Agriculture, Forestry, Fishing and Hunting	11	Crop Production	111	Other Crop Farming	1119	Farm	Crop	@headlessly/farm-crop	100	10	6	10	15	15	8	1	1
112111	Beef Cattle Ranching and Farming	Agriculture, Forestry, Fishing and Hunting	11	Animal Production and Aquaculture	112	Cattle Ranching and Farming	1121	Raise	Beef Cattle	@headlessly/raise-beef-cattle	100	10	5	10	14	14	8	1	1
112112	Cattle Feedlots	Agriculture, Forestry, Fishing and Hunting	11	Animal Production and Aquaculture	112	Cattle Ranching and Farming	1121	Raise	Cattle Feedlots	@headlessly/raise-cattle-feedlots	100	10	7	10	15	15	8	1	1
112120	Dairy Cattle and Milk Production	Agriculture, Forestry, Fishing and Hunting	11	Animal Production and Aquaculture	112	Cattle Ranching and Farming	1121	Raise	Dairy Cattle	@headlessly/raise-dairy-cattle	100	10	6	10	14	15	8	1	1
112130	Dual-Purpose Cattle Ranching and Farming	Agriculture, Forestry, Fishing and Hunting	11	Animal Production and Aquaculture	112	Cattle Ranching and Farming	1121	Raise	Dual-Purpose Cattle	@headlessly/raise-dual-purpose-cattle	100	10	6	10	13	13	8	1	1
112210	Hog and Pig Farming	Agriculture, Forestry, Fishing and Hunting	11	Animal Production and Aquaculture	112	Hog and Pig Farming	1122	Raise	Hogs	@headlessly/raise-hogs	100	8	6	11	12	12	8	1	1
112310	Chicken Egg Production	Agriculture, Forestry, Fishing and Hunting	11	Animal Production and Aquaculture	112	Poultry and Egg Production	1123	Produce	Eggs	@headlessly/produce-eggs	100	8	6	11	12	11	7	1	1
112320	Broilers and Other Meat Type Chicken Production	Agriculture, Forestry, Fishing and Hunting	11	Animal Production and Aquaculture	112	Poultry and Egg Production	1123	Raise	Broilers	@headlessly/raise-broilers	100	8	6	10	12	11	7	1	1
112330	Turkey Production	Agriculture, Forestry, Fishing and Hunting	11	Animal Production and Aquaculture	112	Poultry and Egg Production	1123	Raise	Turkeys	@headlessly/raise-turkeys	100	8	6	10	12	11	8	1	1
112340	Poultry Hatcheries	Agriculture, Forestry, Fishing and Hunting	11	Animal Production and Aquaculture	112	Poultry and Egg Production	1123	Hatch	Poultry	@headlessly/hatch-poultry	100	8	6	10	12	11	7	1	1
112390	Other Poultry Production	Agriculture, Forestry, Fishing and Hunting	11	Animal Production and Aquaculture	112	Poultry and Egg Production	1123	Raise	Poultry	@headlessly/raise-poultry	100	8	6	10	12	10	8	1	1
112410	Sheep Farming	Agriculture, Forestry, Fishing and Hunting	11	Animal Production and Aquaculture	112	Sheep and Goat Farming	1124	Raise	Sheep	@headlessly/raise-sheep	100	8	6	10	12	11	8	1	1
112420	Goat Farming	Agriculture, Forestry, Fishing and Hunting	11	Animal Production and Aquaculture	112	Sheep and Goat Farming	1124	Raise	Goats	@headlessly/raise-goats	100	8	6	10	12	11	8	1	1
112511	Finfish Farming and Fish Hatcheries	Agriculture, Forestry, Fishing and Hunting	11	Animal Production and Aquaculture	112	Aquaculture	1125	Farm	Finfish	@headlessly/farm-finfish	100	8	6	11	12	11	8	1	1
112512	Shellfish Farming	Agriculture, Forestry, Fishing and Hunting	11	Animal Production and Aquaculture	112	Aquaculture	1125	Farm	Shellfish	@headlessly/farm-shellfish	100	8	6	10	12	11	8	1	1
112519	Other Aquaculture	Agriculture, Forestry, Fishing and Hunting	11	Animal Production and Aquaculture	112	Aquaculture	1125	Farm	Aquatic Species	@headlessly/farm-aquatic-species	100	8	6	10	12	10	8	1	1
112910	Apiculture	Agriculture, Forestry, Fishing and Hunting	11	Animal Production and Aquaculture	112	Other Animal Production	1129	Keep	Bees	@headlessly/keep-bees	100	8	6	10	12	11	8	1	1
112920	Horses and Other Equine Production	Agriculture, Forestry, Fishing and Hunting	11	Animal Production and Aquaculture	112	Other Animal Production	1129	Raise	Horses	@headlessly/raise-horses	100	8	6	10	12	11	8	1	1
112930	Fur-Bearing Animal and Rabbit Production	Agriculture, Forestry, Fishing and Hunting	11	Animal Production and Aquaculture	112	Other Animal Production	1129	Raise	Fur Animals	@headlessly/raise-fur-animals	100	8	6	10	12	10	8	1	1
112990	All Other Animal Production	Agriculture, Forestry, Fishing and Hunting	11	Animal Production and Aquaculture	112	Other Animal Production	1129	Raise	Specialty Animals	@headlessly/raise-specialty-animals	100	8	6	10	12	10	8	1	1
113110	Timber Tract Operations	Agriculture, Forestry, Fishing and Hunting	11	Forestry and Logging	113	Timber Tract Operations	1131	Manage	Timber Tracts	@headlessly/manage-timber-tracts	100	8	6	10	12	11	8	1	1
113210	Forest Nurseries and Gathering of Forest Products	Agriculture, Forestry, Fishing and Hunting	11	Forestry and Logging	113	Forest Nurseries and Gathering of Forest Products	1132	Grow	Forest Seedlings	@headlessly/grow-forest-seedlings	100	8	6	10	12	10	8	1	1
113310	Logging	Agriculture, Forestry, Fishing and Hunting	11	Forestry and Logging	113	Logging	1133	Harvest	Timber	@headlessly/harvest-timber	100	8	6	10	12	11	8	1	1
114111	Finfish Fishing	Agriculture, Forestry, Fishing and Hunting	11	Fishing, Hunting and Trapping	114	Fishing	1141	Catch	Finfish	@headlessly/catch-finfish	100	8	6	10	12	11	8	1	1
114112	Shellfish Fishing	Agriculture, Forestry, Fishing and Hunting	11	Fishing, Hunting and Trapping	114	Fishing	1141	Catch	Shellfish	@headlessly/catch-shellfish	100	8	6	10	12	11	8	1	1
114119	Other Marine Fishing	Agriculture, Forestry, Fishing and Hunting	11	Fishing, Hunting and Trapping	114	Fishing	1141	Catch	Marine Species	@headlessly/catch-marine-species	100	8	6	10	12	11	8	1	1
114210	Hunting and Trapping	Agriculture, Forestry, Fishing and Hunting	11	Fishing, Hunting and Trapping	114	Hunting and Trapping	1142	Operate	Hunting Operations	@headlessly/operate-hunting-operations	100	8	6	10	12	11	8	1	1
115111	Cotton Ginning	Agriculture, Forestry, Fishing and Hunting	11	Support Activities for Agriculture and Forestry	115	Support Activities for Crop Production	1151	Gin	Cotton	@headlessly/gin-cotton	100	8	6	10	12	11	8	1	1
115112	Soil Preparation, Planting, and Cultivating	Agriculture, Forestry, Fishing and Hunting	11	Support Activities for Agriculture and Forestry	115	Support Activities for Crop Production	1151	Provide	Field Services	@headlessly/provide-field-services	100	8	6	10	12	11	8	1	1
115113	Crop Harvesting, Primarily by Machine	Agriculture, Forestry, Fishing and Hunting	11	Support Activities for Agriculture and Forestry	115	Support Activities for Crop Production	1151	Provide	Harvest Services	@headlessly/provide-harvest-services	100	8	6	10	12	12	8	1	1
115114	Postharvest Crop Activities (except Cotton Ginning)	Agriculture, Forestry, Fishing and Hunting	11	Support Activities for Agriculture and Forestry	115	Support Activities for Crop Production	1151	Process	Harvested Crops	@headlessly/process-harvested-crops	100	8	6	10	12	12	8	1	1
115115	Farm Labor Contractors and Crew Leaders	Agriculture, Forestry, Fishing and Hunting	11	Support Activities for Agriculture and Forestry	115	Support Activities for Crop Production	1151	Supply	Farm Labor	@headlessly/supply-farm-labor	100	8	6	10	12	12	8	1	1
115116	Farm Management Services	Agriculture, Forestry, Fishing and Hunting	11	Support Activities for Agriculture and Forestry	115	Support Activities for Crop Production	1151	Manage	Farm Operations	@headlessly/manage-farm-operations	100	8	6	10	12	12	8	1	1
115210	Support Activities for Animal Production	Agriculture, Forestry, Fishing and Hunting	11	Support Activities for Agriculture and Forestry	115	Support Activities for Animal Production	1152	Provide	Livestock Services	@headlessly/provide-livestock-services	100	8	6	10	12	12	8	1	1
115310	Support Activities for Forestry	Agriculture, Forestry, Fishing and Hunting	11	Support Activities for Agriculture and Forestry	115	Support Activities for Forestry	1153	Provide	Forestry Services	@headlessly/provide-forestry-services	100	8	6	10	12	12	8	1	1
211120	Crude Petroleum Extraction	Mining, Quarrying, and Oil and Gas Extraction	21	Oil and Gas Extraction	211	Oil and Gas Extraction	2111	Extract	Crude Petroleum	@headlessly/extract-crude-petroleum	100	9	6	10	14	14	8	1	1
211130	Natural Gas Extraction	Mining, Quarrying, and Oil and Gas Extraction	21	Oil and Gas Extraction	211	Oil and Gas Extraction	2111	Extract	Natural Gas	@headlessly/extract-natural-gas	100	9	6	10	14	14	8	1	1
212114	Surface Coal Mining	Mining, Quarrying, and Oil and Gas Extraction	21	Mining (except Oil and Gas)	212	Coal Mining	2121	Mine	Surface Coal	@headlessly/mine-surface-coal	100	9	6	10	14	13	8	1	1
212115	Underground Coal Mining	Mining, Quarrying, and Oil and Gas Extraction	21	Mining (except Oil and Gas)	212	Coal Mining	2121	Mine	Underground Coal	@headlessly/mine-underground-coal	100	9	6	10	14	13	8	1	1
212210	Iron Ore Mining	Mining, Quarrying, and Oil and Gas Extraction	21	Mining (except Oil and Gas)	212	Metal Ore Mining	2122	Mine	Iron Ore	@headlessly/mine-iron-ore	100	9	6	10	14	14	8	1	1
212220	Gold Ore and Silver Ore Mining	Mining, Quarrying, and Oil and Gas Extraction	21	Mining (except Oil and Gas)	212	Metal Ore Mining	2122	Mine	Gold Ore	@headlessly/mine-gold-ore	100	9	6	10	14	14	8	1	1
212230	Copper, Nickel, Lead, and Zinc Mining	Mining, Quarrying, and Oil and Gas Extraction	21	Mining (except Oil and Gas)	212	Metal Ore Mining	2122	Mine	Copper	@headlessly/mine-copper	100	9	6	10	14	14	8	1	1
212290	Other Metal Ore Mining	Mining, Quarrying, and Oil and Gas Extraction	21	Mining (except Oil and Gas)	212	Metal Ore Mining	2122	Mine	Metal Ore	@headlessly/mine-metal-ore	100	9	6	10	14	13	8	1	1
212311	Dimension Stone Mining and Quarrying	Mining, Quarrying, and Oil and Gas Extraction	21	Mining (except Oil and Gas)	212	Nonmetallic Mineral Mining and Quarrying	2123	Quarry	Dimension Stone	@headlessly/quarry-dimension-stone	100	9	6	10	14	13	8	1	1
212312	Crushed and Broken Limestone Mining and Quarrying	Mining, Quarrying, and Oil and Gas Extraction	21	Mining (except Oil and Gas)	212	Nonmetallic Mineral Mining and Quarrying	2123	Quarry	Crushed Broken	@headlessly/quarry-crushed-broken	100	9	6	10	14	14	8	1	1
212313	Crushed and Broken Granite Mining and Quarrying	Mining, Quarrying, and Oil and Gas Extraction	21	Mining (except Oil and Gas)	212	Nonmetallic Mineral Mining and Quarrying	2123	Quarry	Crushed Broken	@headlessly/quarry-crushed-broken	100	9	6	10	14	14	8	1	1
212319	Other Crushed and Broken Stone Mining and Quarrying	Mining, Quarrying, and Oil and Gas Extraction	21	Mining (except Oil and Gas)	212	Nonmetallic Mineral Mining and Quarrying	2123	Quarry	Crushed Broken	@headlessly/quarry-crushed-broken	100	9	6	10	14	14	8	1	1
212321	Construction Sand and Gravel Mining	Mining, Quarrying, and Oil and Gas Extraction	21	Mining (except Oil and Gas)	212	Nonmetallic Mineral Mining and Quarrying	2123	Quarry	Construction Sand	@headlessly/quarry-construction-sand	100	9	6	10	14	14	8	1	1
212322	Industrial Sand Mining	Mining, Quarrying, and Oil and Gas Extraction	21	Mining (except Oil and Gas)	212	Nonmetallic Mineral Mining and Quarrying	2123	Quarry	Industrial Sand	@headlessly/quarry-industrial-sand	100	9	6	10	14	14	8	1	1
212323	Kaolin, Clay, and Ceramic and Refractory Minerals Mining	Mining, Quarrying, and Oil and Gas Extraction	21	Mining (except Oil and Gas)	212	Nonmetallic Mineral Mining and Quarrying	2123	Quarry	Kaolin	@headlessly/quarry-kaolin	100	9	6	10	14	14	8	1	1
212390	Other Nonmetallic Mineral Mining and Quarrying	Mining, Quarrying, and Oil and Gas Extraction	21	Mining (except Oil and Gas)	212	Nonmetallic Mineral Mining and Quarrying	2123	Quarry	Nonmetallic Mineral	@headlessly/quarry-nonmetallic-mineral	100	9	6	10	14	14	8	1	1
213111	Drilling Oil and Gas Wells	Mining, Quarrying, and Oil and Gas Extraction	21	Support Activities for Mining	213	Support Activities for Mining	2131	Support	Drilling Oil	@headlessly/support-drilling-oil	100	9	6	10	14	14	8	1	1
213112	Support Activities for Oil and Gas Operations	Mining, Quarrying, and Oil and Gas Extraction	21	Support Activities for Mining	213	Support Activities for Mining	2131	Support	Support Activities	@headlessly/support-support-activities	100	9	6	10	14	14	8	1	1
213113	Support Activities for Coal Mining	Mining, Quarrying, and Oil and Gas Extraction	21	Support Activities for Mining	213	Support Activities for Mining	2131	Support	Support Activities	@headlessly/support-support-activities	100	9	6	10	14	14	8	1	1
213114	Support Activities for Metal Mining	Mining, Quarrying, and Oil and Gas Extraction	21	Support Activities for Mining	213	Support Activities for Mining	2131	Support	Support Activities	@headlessly/support-support-activities	100	9	6	10	14	14	8	1	1
213115	Support Activities for Nonmetallic Minerals (except Fuels) Mining	Mining, Quarrying, and Oil and Gas Extraction	21	Support Activities for Mining	213	Support Activities for Mining	2131	Support	Support Activities	@headlessly/support-support-activities	100	9	6	10	14	14	8	1	1
221111	Hydroelectric Power Generation	Utilities	22	Utilities	221	Electric Power Generation, Transmission and Distribution	2211	Generate	Hydroelectric Power	@headlessly/generate-hydroelectric-power	100	9	6	10	14	13	7	1	1
221112	Fossil Fuel Electric Power Generation	Utilities	22	Utilities	221	Electric Power Generation, Transmission and Distribution	2211	Generate	Fossil Fuel	@headlessly/generate-fossil-fuel	100	9	6	11	15	13	8	1	1
221113	Nuclear Electric Power Generation	Utilities	22	Utilities	221	Electric Power Generation, Transmission and Distribution	2211	Generate	Nuclear Electric	@headlessly/generate-nuclear-electric	100	9	6	11	15	13	8	1	1
221114	Solar Electric Power Generation	Utilities	22	Utilities	221	Electric Power Generation, Transmission and Distribution	2211	Generate	Solar Electric	@headlessly/generate-solar-electric	100	9	6	11	14	13	8	1	1
221115	Wind Electric Power Generation	Utilities	22	Utilities	221	Electric Power Generation, Transmission and Distribution	2211	Generate	Wind Electric	@headlessly/generate-wind-electric	100	9	6	11	14	13	8	1	1
221116	Geothermal Electric Power Generation	Utilities	22	Utilities	221	Electric Power Generation, Transmission and Distribution	2211	Generate	Geothermal Electric	@headlessly/generate-geothermal-electric	100	9	6	11	14	13	8	1	1
221117	Biomass Electric Power Generation	Utilities	22	Utilities	221	Electric Power Generation, Transmission and Distribution	2211	Generate	Biomass Electric	@headlessly/generate-biomass-electric	100	9	6	11	14	13	8	1	1
221118	Other Electric Power Generation	Utilities	22	Utilities	221	Electric Power Generation, Transmission and Distribution	2211	Generate	Electric Power	@headlessly/generate-electric-power	100	9	6	11	14	13	8	1	1
221121	Electric Bulk Power Transmission and Control	Utilities	22	Utilities	221	Electric Power Generation, Transmission and Distribution	2211	Generate	Electric Bulk	@headlessly/generate-electric-bulk	100	9	6	11	14	13	8	1	1
221122	Electric Power Distribution	Utilities	22	Utilities	221	Electric Power Generation, Transmission and Distribution	2211	Generate	Electric Power	@headlessly/generate-electric-power	100	9	6	11	14	13	8	1	1
221210	Natural Gas Distribution	Utilities	22	Utilities	221	Natural Gas Distribution	2212	Distribute	Natural Gas	@headlessly/distribute-natural-gas	100	9	6	11	14	13	8	1	1
221310	Water Supply and Irrigation Systems	Utilities	22	Utilities	221	Water, Sewage and Other Systems	2213	Supply	Water Supply	@headlessly/supply-water-supply	100	9	6	12	14	14	8	1	1
221320	Sewage Treatment Facilities	Utilities	22	Utilities	221	Water, Sewage and Other Systems	2213	Supply	Sewage Treatment	@headlessly/supply-sewage-treatment	100	9	6	12	14	14	8	1	1
221330	Steam and Air-Conditioning Supply	Utilities	22	Utilities	221	Water, Sewage and Other Systems	2213	Supply	Steam Air-Conditioning	@headlessly/supply-steam-air-conditioning	100	9	6	12	14	13	8	1	1
236115	New Single-Family Housing Construction (except For-Sale Builders)	Construction	23	Construction of Buildings	236	Residential Building Construction	2361	Build	New Single-Family	@headlessly/build-new-single-family	100	9	5	10	14	13	7	1	1
236116	New Multifamily Housing Construction (except For-Sale Builders)	Construction	23	Construction of Buildings	236	Residential Building Construction	2361	Build	New Multifamily	@headlessly/build-new-multifamily	100	9	6	10	13	11	7	1	1
236117	New Housing For-Sale Builders	Construction	23	Construction of Buildings	236	Residential Building Construction	2361	Build	New Housing	@headlessly/build-new-housing	100	9	6	10	12	11	7	1	1
236118	Residential Remodelers	Construction	23	Construction of Buildings	236	Residential Building Construction	2361	Build	Residential Remodelers	@headlessly/build-residential-remodelers	100	8	6	10	12	12	7	1	1
236210	Industrial Building Construction	Construction	23	Construction of Buildings	236	Nonresidential Building Construction	2362	Build	Industrial Building	@headlessly/build-industrial-building	100	9	6	10	13	10	7	1	1
236220	Commercial and Institutional Building Construction	Construction	23	Construction of Buildings	236	Nonresidential Building Construction	2362	Build	Commercial Institutional	@headlessly/build-commercial-institutional	100	9	6	10	13	13	7	1	1
237110	Water and Sewer Line and Related Structures Construction	Construction	23	Heavy and Civil Engineering Construction	237	Utility System Construction	2371	Install	Water Sewer	@headlessly/install-water-sewer	100	9	6	10	13	13	7	1	1
237120	Oil and Gas Pipeline and Related Structures Construction	Construction	23	Heavy and Civil Engineering Construction	237	Utility System Construction	2371	Install	Oil Gas	@headlessly/install-oil-gas	100	9	6	10	14	14	7	1	1
237130	Power and Communication Line and Related Structures Construction	Construction	23	Heavy and Civil Engineering Construction	237	Utility System Construction	2371	Install	Power Communication	@headlessly/install-power-communication	100	9	6	10	13	13	7	1	1
237210	Land Subdivision	Construction	23	Heavy and Civil Engineering Construction	237	Land Subdivision	2372	Subdivide	Land Subdivision	@headlessly/subdivide-land-subdivision	100	9	6	10	13	13	7	1	1
237310	Highway, Street, and Bridge Construction	Construction	23	Heavy and Civil Engineering Construction	237	Highway, Street, and Bridge Construction	2373	Build	Highway	@headlessly/build-highway	100	9	6	10	13	13	7	1	1
237990	Other Heavy and Civil Engineering Construction	Construction	23	Heavy and Civil Engineering Construction	237	Other Heavy and Civil Engineering Construction	2379	Build	Heavy Civil	@headlessly/build-heavy-civil	100	9	6	10	13	12	7	1	1
238110	Poured Concrete Foundation and Structure Contractors	Construction	23	Specialty Trade Contractors	238	Foundation, Structure, and Building Exterior Contractors	2381	Install	Poured Concrete	@headlessly/install-poured-concrete	100	8	6	10	13	13	7	1	1
238120	Structural Steel and Precast Concrete Contractors	Construction	23	Specialty Trade Contractors	238	Foundation, Structure, and Building Exterior Contractors	2381	Install	Structural Steel	@headlessly/install-structural-steel	100	8	6	10	13	13	7	1	1
238130	Framing Contractors	Construction	23	Specialty Trade Contractors	238	Foundation, Structure, and Building Exterior Contractors	2381	Install	Framing Contractors	@headlessly/install-framing-contractors	100	7	6	10	13	13	7	1	1
238140	Masonry Contractors	Construction	23	Specialty Trade Contractors	238	Foundation, Structure, and Building Exterior Contractors	2381	Install	Masonry Contractors	@headlessly/install-masonry-contractors	100	8	6	10	14	13	7	1	1
238150	Glass and Glazing Contractors	Construction	23	Specialty Trade Contractors	238	Foundation, Structure, and Building Exterior Contractors	2381	Install	Glass Glazing	@headlessly/install-glass-glazing	100	8	6	10	12	12	7	1	1
238160	Roofing Contractors	Construction	23	Specialty Trade Contractors	238	Foundation, Structure, and Building Exterior Contractors	2381	Install	Roofing Contractors	@headlessly/install-roofing-contractors	100	8	6	10	13	13	7	1	1
238170	Siding Contractors	Construction	23	Specialty Trade Contractors	238	Foundation, Structure, and Building Exterior Contractors	2381	Install	Siding Contractors	@headlessly/install-siding-contractors	100	8	6	10	13	13	7	1	1
238190	Other Foundation, Structure, and Building Exterior Contractors	Construction	23	Specialty Trade Contractors	238	Foundation, Structure, and Building Exterior Contractors	2381	Install	Foundation	@headlessly/install-foundation	100	8	6	10	13	13	7	1	1
238210	Electrical Contractors and Other Wiring Installation Contractors	Construction	23	Specialty Trade Contractors	238	Building Equipment Contractors	2382	Install	Electrical Contractors	@headlessly/install-electrical-contractors	100	8	6	10	13	13	7	1	1
238220	Plumbing, Heating, and Air-Conditioning Contractors	Construction	23	Specialty Trade Contractors	238	Building Equipment Contractors	2382	Install	Plumbing	@headlessly/install-plumbing	100	8	7	11	13	13	7	1	1
238290	Other Building Equipment Contractors	Construction	23	Specialty Trade Contractors	238	Building Equipment Contractors	2382	Install	Building Equipment	@headlessly/install-building-equipment	100	8	6	10	13	13	7	1	1
238310	Drywall and Insulation Contractors	Construction	23	Specialty Trade Contractors	238	Building Finishing Contractors	2383	Finish	Drywall Insulation	@headlessly/finish-drywall-insulation	100	8	7	10	13	13	7	1	1
238320	Painting and Wall Covering Contractors	Construction	23	Specialty Trade Contractors	238	Building Finishing Contractors	2383	Finish	Painting Wall	@headlessly/finish-painting-wall	100	8	6	10	13	12	7	1	1
238330	Flooring Contractors	Construction	23	Specialty Trade Contractors	238	Building Finishing Contractors	2383	Finish	Flooring Contractors	@headlessly/finish-flooring-contractors	100	8	6	10	13	13	7	1	1
238340	Tile and Terrazzo Contractors	Construction	23	Specialty Trade Contractors	238	Building Finishing Contractors	2383	Finish	Tile Terrazzo	@headlessly/finish-tile-terrazzo	100	8	7	10	13	13	7	1	1
238350	Finish Carpentry Contractors	Construction	23	Specialty Trade Contractors	238	Building Finishing Contractors	2383	Finish	Finish Carpentry	@headlessly/finish-finish-carpentry	100	8	6	10	15	15	7	1	1
238390	Other Building Finishing Contractors	Construction	23	Specialty Trade Contractors	238	Building Finishing Contractors	2383	Finish	Building Finishing	@headlessly/finish-building-finishing	100	8	6	10	14	14	7	1	1
238910	Site Preparation Contractors	Construction	23	Specialty Trade Contractors	238	Other Specialty Trade Contractors	2389	Contract	Site Preparation	@headlessly/contract-site-preparation	100	9	6	10	15	15	7	1	1
238990	All Other Specialty Trade Contractors	Construction	23	Specialty Trade Contractors	238	Other Specialty Trade Contractors	2389	Contract	Specialty Trade	@headlessly/contract-specialty-trade	100	9	6	10	15	15	7	1	1
311111	Dog and Cat Food Manufacturing	Manufacturing	31-33	Food Manufacturing	311	Animal Food Manufacturing	3111	Manufacture	Dog Cat	@headlessly/manufacture-dog-cat	100	10	8	10	14	13	8	1	1
311119	Other Animal Food Manufacturing	Manufacturing	31-33	Food Manufacturing	311	Animal Food Manufacturing	3111	Manufacture	Animal Food	@headlessly/manufacture-animal-food	100	10	8	10	14	12	8	1	1
311211	Flour Milling	Manufacturing	31-33	Food Manufacturing	311	Grain and Oilseed Milling	3112	Mill	Flour Milling	@headlessly/mill-flour-milling	100	10	8	10	14	12	8	1	1
311212	Rice Milling	Manufacturing	31-33	Food Manufacturing	311	Grain and Oilseed Milling	3112	Mill	Rice Milling	@headlessly/mill-rice-milling	100	10	8	10	14	12	8	1	1
311213	Malt Manufacturing	Manufacturing	31-33	Food Manufacturing	311	Grain and Oilseed Milling	3112	Mill	Malt	@headlessly/mill-malt	100	10	8	10	14	12	8	1	1
311221	Wet Corn Milling and Starch Manufacturing	Manufacturing	31-33	Food Manufacturing	311	Grain and Oilseed Milling	3112	Mill	Wet Corn	@headlessly/mill-wet-corn	100	10	8	10	14	12	8	1	1
311224	Soybean and Other Oilseed Processing	Manufacturing	31-33	Food Manufacturing	311	Grain and Oilseed Milling	3112	Mill	Soybean	@headlessly/mill-soybean	100	10	8	10	14	12	8	1	1
311225	Fats and Oils Refining and Blending	Manufacturing	31-33	Food Manufacturing	311	Grain and Oilseed Milling	3112	Mill	Fats Oils	@headlessly/mill-fats-oils	100	10	8	10	14	12	8	1	1
311230	Breakfast Cereal Manufacturing	Manufacturing	31-33	Food Manufacturing	311	Grain and Oilseed Milling	3112	Mill	Breakfast Cereal	@headlessly/mill-breakfast-cereal	100	10	8	10	14	12	8	1	1
311313	Beet Sugar Manufacturing	Manufacturing	31-33	Food Manufacturing	311	Sugar and Confectionery Product Manufacturing	3113	Manufacture	Beet Sugar	@headlessly/manufacture-beet-sugar	100	10	8	10	14	12	8	1	1
311314	Cane Sugar Manufacturing	Manufacturing	31-33	Food Manufacturing	311	Sugar and Confectionery Product Manufacturing	3113	Manufacture	Cane Sugar	@headlessly/manufacture-cane-sugar	100	10	8	10	14	12	8	1	1
311340	Nonchocolate Confectionery Manufacturing	Manufacturing	31-33	Food Manufacturing	311	Sugar and Confectionery Product Manufacturing	3113	Manufacture	Nonchocolate Confectionery	@headlessly/manufacture-nonchocolate-confectionery	100	10	8	10	14	12	8	1	1
311351	Chocolate and Confectionery Manufacturing from Cacao Beans	Manufacturing	31-33	Food Manufacturing	311	Sugar and Confectionery Product Manufacturing	3113	Manufacture	Chocolate Confectionery	@headlessly/manufacture-chocolate-confectionery	100	10	8	10	15	14	8	1	1
311352	Confectionery Manufacturing from Purchased Chocolate	Manufacturing	31-33	Food Manufacturing	311	Sugar and Confectionery Product Manufacturing	3113	Manufacture	Confectionery Manufacturing	@headlessly/manufacture-confectionery-manufacturing	100	10	9	10	15	14	8	1	1
311411	Frozen Fruit, Juice, and Vegetable Manufacturing	Manufacturing	31-33	Food Manufacturing	311	Fruit and Vegetable Preserving and Specialty Food Manufacturing	3114	Preserve	Frozen Fruit	@headlessly/preserve-frozen-fruit	100	10	8	10	14	12	8	1	1
311412	Frozen Specialty Food Manufacturing	Manufacturing	31-33	Food Manufacturing	311	Fruit and Vegetable Preserving and Specialty Food Manufacturing	3114	Preserve	Frozen Specialty	@headlessly/preserve-frozen-specialty	100	10	8	10	14	12	8	1	1
311421	Fruit and Vegetable Canning	Manufacturing	31-33	Food Manufacturing	311	Fruit and Vegetable Preserving and Specialty Food Manufacturing	3114	Preserve	Fruit Vegetable	@headlessly/preserve-fruit-vegetable	100	10	8	10	14	13	8	1	1
311422	Specialty Canning	Manufacturing	31-33	Food Manufacturing	311	Fruit and Vegetable Preserving and Specialty Food Manufacturing	3114	Preserve	Specialty Canning	@headlessly/preserve-specialty-canning	100	10	8	10	14	13	8	1	1
311423	Dried and Dehydrated Food Manufacturing	Manufacturing	31-33	Food Manufacturing	311	Fruit and Vegetable Preserving and Specialty Food Manufacturing	3114	Preserve	Dried Dehydrated	@headlessly/preserve-dried-dehydrated	100	10	8	10	15	13	8	1	1
311511	Fluid Milk Manufacturing	Manufacturing	31-33	Food Manufacturing	311	Dairy Product Manufacturing	3115	Process	Fluid Milk	@headlessly/process-fluid-milk	100	8	7	10	12	11	7	1	1
311512	Creamery Butter Manufacturing	Manufacturing	31-33	Food Manufacturing	311	Dairy Product Manufacturing	3115	Process	Creamery Butter	@headlessly/process-creamery-butter	100	8	6	10	12	11	7	1	1
311513	Cheese Manufacturing	Manufacturing	31-33	Food Manufacturing	311	Dairy Product Manufacturing	3115	Process	Cheese	@headlessly/process-cheese	100	9	7	10	14	11	8	1	1
311514	Dry, Condensed, and Evaporated Dairy Product Manufacturing	Manufacturing	31-33	Food Manufacturing	311	Dairy Product Manufacturing	3115	Process	Dry Dairy Products	@headlessly/process-dry-dairy-products	100	8	7	10	13	11	7	1	1
311520	Ice Cream and Frozen Dessert Manufacturing	Manufacturing	31-33	Food Manufacturing	311	Dairy Product Manufacturing	3115	Process	Ice Cream	@headlessly/process-ice-cream	100	8	7	10	12	10	7	1	1
311611	Animal (except Poultry) Slaughtering	Manufacturing	31-33	Food Manufacturing	311	Animal Slaughtering and Processing	3116	Process	Animal Slaughtering	@headlessly/process-animal-slaughtering	100	10	8	10	14	11	8	1	1
311612	Meat Processed from Carcasses	Manufacturing	31-33	Food Manufacturing	311	Animal Slaughtering and Processing	3116	Process	Meat Processed	@headlessly/process-meat-processed	100	10	8	10	15	14	8	1	1
311613	Rendering and Meat Byproduct Processing	Manufacturing	31-33	Food Manufacturing	311	Animal Slaughtering and Processing	3116	Process	Rendering Meat	@headlessly/process-rendering-meat	100	10	8	10	14	12	8	1	1
311615	Poultry Processing	Manufacturing	31-33	Food Manufacturing	311	Animal Slaughtering and Processing	3116	Process	Poultry Processing	@headlessly/process-poultry-processing	100	10	8	10	16	16	8	1	1
311710	Seafood Product Preparation and Packaging	Manufacturing	31-33	Food Manufacturing	311	Seafood Product Preparation and Packaging	3117	Process	Seafood	@headlessly/process-seafood	100	8	8	10	14	11	7	1	1
311811	Retail Bakeries	Manufacturing	31-33	Food Manufacturing	311	Bakeries and Tortilla Manufacturing	3118	Bake	Retail Bread	@headlessly/bake-retail-bread	100	8	7	10	12	12	7	1	1
311812	Commercial Bakeries	Manufacturing	31-33	Food Manufacturing	311	Bakeries and Tortilla Manufacturing	3118	Bake	Commercial Bread	@headlessly/bake-commercial-bread	100	8	8	10	14	11	7	1	1
311813	Frozen Cakes, Pies, and Other Pastries Manufacturing	Manufacturing	31-33	Food Manufacturing	311	Bakeries and Tortilla Manufacturing	3118	Bake	Frozen Pastries	@headlessly/bake-frozen-pastries	100	8	8	10	14	12	7	1	1
311821	Cookie and Cracker Manufacturing	Manufacturing	31-33	Food Manufacturing	311	Bakeries and Tortilla Manufacturing	3118	Bake	Cookie Cracker	@headlessly/bake-cookie-cracker	100	9	8	10	14	12	8	1	1
311824	Dry Pasta, Dough, and Flour Mixes Manufacturing from Purchased Flour	Manufacturing	31-33	Food Manufacturing	311	Bakeries and Tortilla Manufacturing	3118	Bake	Dry Pasta	@headlessly/bake-dry-pasta	100	9	8	10	14	11	8	1	1
311830	Tortilla Manufacturing	Manufacturing	31-33	Food Manufacturing	311	Bakeries and Tortilla Manufacturing	3118	Bake	Tortilla	@headlessly/bake-tortilla	100	9	8	10	14	12	8	1	1
311911	Roasted Nuts and Peanut Butter Manufacturing	Manufacturing	31-33	Food Manufacturing	311	Other Food Manufacturing	3119	Manufacture	Roasted Nuts	@headlessly/manufacture-roasted-nuts	100	9	8	10	14	12	8	1	1
311919	Other Snack Food Manufacturing	Manufacturing	31-33	Food Manufacturing	311	Other Food Manufacturing	3119	Manufacture	Snack Food	@headlessly/manufacture-snack-food	100	10	8	10	16	10	8	1	1
311920	Coffee and Tea Manufacturing	Manufacturing	31-33	Food Manufacturing	311	Other Food Manufacturing	3119	Manufacture	Coffee Tea	@headlessly/manufacture-coffee-tea	100	9	8	10	15	12	8	1	1
311930	Flavoring Syrup and Concentrate Manufacturing	Manufacturing	31-33	Food Manufacturing	311	Other Food Manufacturing	3119	Manufacture	Flavoring Syrup	@headlessly/manufacture-flavoring-syrup	100	9	8	10	15	13	8	1	1
311941	Mayonnaise, Dressing, and Other Prepared Sauce Manufacturing	Manufacturing	31-33	Food Manufacturing	311	Other Food Manufacturing	3119	Manufacture	Mayonnaise	@headlessly/manufacture-mayonnaise	100	9	8	10	15	11	8	1	1
311942	Spice and Extract Manufacturing	Manufacturing	31-33	Food Manufacturing	311	Other Food Manufacturing	3119	Manufacture	Spice Extract	@headlessly/manufacture-spice-extract	100	9	8	10	14	12	8	1	1
311991	Perishable Prepared Food Manufacturing	Manufacturing	31-33	Food Manufacturing	311	Other Food Manufacturing	3119	Manufacture	Perishable Prepared	@headlessly/manufacture-perishable-prepared	100	9	8	10	14	11	8	1	1
311999	All Other Miscellaneous Food Manufacturing	Manufacturing	31-33	Food Manufacturing	311	Other Food Manufacturing	3119	Manufacture	Food	@headlessly/manufacture-food	100	9	8	10	16	12	8	1	1
312111	Soft Drink Manufacturing	Manufacturing	31-33	Beverage and Tobacco Product Manufacturing	312	Beverage Manufacturing	3121	Brew	Soft Drink	@headlessly/brew-soft-drink	100	10	8	10	14	12	8	1	1
312112	Bottled Water Manufacturing	Manufacturing	31-33	Beverage and Tobacco Product Manufacturing	312	Beverage Manufacturing	3121	Brew	Bottled Water	@headlessly/brew-bottled-water	100	10	8	10	15	12	8	1	1
312113	Ice Manufacturing	Manufacturing	31-33	Beverage and Tobacco Product Manufacturing	312	Beverage Manufacturing	3121	Brew	Ice	@headlessly/brew-ice	100	10	8	10	14	12	8	1	1
312120	Breweries	Manufacturing	31-33	Beverage and Tobacco Product Manufacturing	312	Beverage Manufacturing	3121	Brew	Breweries	@headlessly/brew-breweries	100	10	8	10	14	12	8	1	1
312130	Wineries	Manufacturing	31-33	Beverage and Tobacco Product Manufacturing	312	Beverage Manufacturing	3121	Brew	Wineries	@headlessly/brew-wineries	100	10	8	10	15	12	8	1	1
312140	Distilleries	Manufacturing	31-33	Beverage and Tobacco Product Manufacturing	312	Beverage Manufacturing	3121	Brew	Distilleries	@headlessly/brew-distilleries	100	10	8	10	14	12	8	1	1
312230	Tobacco Manufacturing	Manufacturing	31-33	Beverage and Tobacco Product Manufacturing	312	Tobacco Manufacturing	3122	Manufacture	Tobacco	@headlessly/manufacture-tobacco	100	10	8	10	14	13	8	1	1
313110	Fiber, Yarn, and Thread Mills	Manufacturing	31-33	Textile Mills	313	Fiber, Yarn, and Thread Mills	3131	Mill	Fiber	@headlessly/mill-fiber	100	10	8	10	14	12	8	1	1
313210	Broadwoven Fabric Mills	Manufacturing	31-33	Textile Mills	313	Fabric Mills	3132	Weave	Broadwoven Fabric	@headlessly/weave-broadwoven-fabric	100	10	8	10	14	12	8	1	1
313220	Narrow Fabric Mills and Schiffli Machine Embroidery	Manufacturing	31-33	Textile Mills	313	Fabric Mills	3132	Weave	Narrow Fabric	@headlessly/weave-narrow-fabric	100	10	8	10	14	12	8	1	1
313230	Nonwoven Fabric Mills	Manufacturing	31-33	Textile Mills	313	Fabric Mills	3132	Weave	Nonwoven Fabric	@headlessly/weave-nonwoven-fabric	100	10	8	10	14	11	8	1	1
313240	Knit Fabric Mills	Manufacturing	31-33	Textile Mills	313	Fabric Mills	3132	Weave	Knit Fabric	@headlessly/weave-knit-fabric	100	10	8	10	14	12	8	1	1
313310	Textile and Fabric Finishing Mills	Manufacturing	31-33	Textile Mills	313	Textile and Fabric Finishing and Fabric Coating Mills	3133	Finish	Textile Fabric	@headlessly/finish-textile-fabric	100	10	9	10	14	12	8	1	1
313320	Fabric Coating Mills	Manufacturing	31-33	Textile Mills	313	Textile and Fabric Finishing and Fabric Coating Mills	3133	Finish	Fabric Coating	@headlessly/finish-fabric-coating	100	10	8	10	14	11	8	1	1
314110	Carpet and Rug Mills	Manufacturing	31-33	Textile Product Mills	314	Textile Furnishings Mills	3141	Mill	Carpet Rug	@headlessly/mill-carpet-rug	100	10	8	10	13	12	8	1	1
314120	Curtain and Linen Mills	Manufacturing	31-33	Textile Product Mills	314	Textile Furnishings Mills	3141	Mill	Curtain Linen	@headlessly/mill-curtain-linen	100	10	8	10	13	11	8	1	1
314910	Textile Bag and Canvas Mills	Manufacturing	31-33	Textile Product Mills	314	Other Textile Product Mills	3149	Mill	Textile Bag	@headlessly/mill-textile-bag	100	10	8	10	12	11	8	1	1
314994	Rope, Cordage, Twine, Tire Cord, and Tire Fabric Mills	Manufacturing	31-33	Textile Product Mills	314	Other Textile Product Mills	3149	Mill	Rope	@headlessly/mill-rope	100	10	8	10	12	12	8	1	1
314999	All Other Miscellaneous Textile Product Mills	Manufacturing	31-33	Textile Product Mills	314	Other Textile Product Mills	3149	Mill	Textile Product	@headlessly/mill-textile-product	100	10	8	10	12	11	8	1	1
315120	Apparel Knitting Mills	Manufacturing	31-33	Apparel Manufacturing	315	Apparel Knitting Mills	3151	Knit	Apparel Knitting	@headlessly/knit-apparel-knitting	100	10	8	10	13	13	8	1	1
315210	Cut and Sew Apparel Contractors	Manufacturing	31-33	Apparel Manufacturing	315	Cut and Sew Apparel Manufacturing	3152	Manufacture	Cut Sew	@headlessly/manufacture-cut-sew	100	10	8	10	12	12	8	1	1
315250	Cut and Sew Apparel Manufacturing (except Contractors)	Manufacturing	31-33	Apparel Manufacturing	315	Cut and Sew Apparel Manufacturing	3152	Manufacture	Cut Sew	@headlessly/manufacture-cut-sew	100	10	8	10	13	12	8	1	1
315990	Apparel Accessories and Other Apparel Manufacturing	Manufacturing	31-33	Apparel Manufacturing	315	Apparel Accessories and Other Apparel Manufacturing	3159	Manufacture	Apparel Accessories	@headlessly/manufacture-apparel-accessories	100	10	8	10	12	12	8	1	1
316110	Leather and Hide Tanning and Finishing	Manufacturing	31-33	Leather and Allied Product Manufacturing	316	Leather and Hide Tanning and Finishing	3161	Tan	Leather Hide	@headlessly/tan-leather-hide	100	10	8	10	14	12	8	1	1
316210	Footwear Manufacturing	Manufacturing	31-33	Leather and Allied Product Manufacturing	316	Footwear Manufacturing	3162	Manufacture	Footwear	@headlessly/manufacture-footwear	100	10	8	10	14	12	8	1	1
316990	Other Leather and Allied Product Manufacturing	Manufacturing	31-33	Leather and Allied Product Manufacturing	316	Other Leather and Allied Product Manufacturing	3169	Manufacture	Leather Allied	@headlessly/manufacture-leather-allied	100	10	8	10	13	12	8	1	1
321113	Sawmills	Manufacturing	31-33	Wood Product Manufacturing	321	Sawmills and Wood Preservation	3211	Mill	Sawmills	@headlessly/mill-sawmills	100	9	7	10	14	12	7	1	1
321114	Wood Preservation	Manufacturing	31-33	Wood Product Manufacturing	321	Sawmills and Wood Preservation	3211	Mill	Wood Preservation	@headlessly/mill-wood-preservation	100	9	7	10	14	12	8	1	1
321211	Hardwood Veneer and Plywood Manufacturing	Manufacturing	31-33	Wood Product Manufacturing	321	Veneer, Plywood, and Engineered Wood Product Manufacturing	3212	Manufacture	Hardwood Veneer	@headlessly/manufacture-hardwood-veneer	100	9	7	10	14	11	7	1	1
321212	Softwood Veneer and Plywood Manufacturing	Manufacturing	31-33	Wood Product Manufacturing	321	Veneer, Plywood, and Engineered Wood Product Manufacturing	3212	Manufacture	Softwood Veneer	@headlessly/manufacture-softwood-veneer	100	9	7	10	14	11	7	1	1
321215	Engineered Wood Member Manufacturing	Manufacturing	31-33	Wood Product Manufacturing	321	Veneer, Plywood, and Engineered Wood Product Manufacturing	3212	Manufacture	Engineered Wood	@headlessly/manufacture-engineered-wood	100	9	7	10	13	11	7	1	1
321219	Reconstituted Wood Product Manufacturing	Manufacturing	31-33	Wood Product Manufacturing	321	Veneer, Plywood, and Engineered Wood Product Manufacturing	3212	Manufacture	Reconstituted Wood	@headlessly/manufacture-reconstituted-wood	100	9	7	10	14	12	7	1	1
321911	Wood Window and Door Manufacturing	Manufacturing	31-33	Wood Product Manufacturing	321	Other Wood Product Manufacturing	3219	Manufacture	Wood Window	@headlessly/manufacture-wood-window	100	9	7	10	14	11	7	1	1
321912	Cut Stock, Resawing Lumber, and Planing	Manufacturing	31-33	Wood Product Manufacturing	321	Other Wood Product Manufacturing	3219	Manufacture	Cut Stock	@headlessly/manufacture-cut-stock	100	9	7	10	13	12	7	1	1
321918	Other Millwork (including Flooring)	Manufacturing	31-33	Wood Product Manufacturing	321	Other Wood Product Manufacturing	3219	Manufacture	Millwork	@headlessly/manufacture-millwork	100	9	7	10	12	11	7	1	1
321920	Wood Container and Pallet Manufacturing	Manufacturing	31-33	Wood Product Manufacturing	321	Other Wood Product Manufacturing	3219	Manufacture	Wood Container	@headlessly/manufacture-wood-container	100	9	7	10	12	11	7	1	1
321991	Manufactured Home (Mobile Home) Manufacturing	Manufacturing	31-33	Wood Product Manufacturing	321	Other Wood Product Manufacturing	3219	Manufacture	Manufactured Home	@headlessly/manufacture-manufactured-home	100	9	9	10	16	14	7	1	1
321992	Prefabricated Wood Building Manufacturing	Manufacturing	31-33	Wood Product Manufacturing	321	Other Wood Product Manufacturing	3219	Manufacture	Prefabricated Wood	@headlessly/manufacture-prefabricated-wood	100	9	7	10	14	14	7	1	1
321999	All Other Miscellaneous Wood Product Manufacturing	Manufacturing	31-33	Wood Product Manufacturing	321	Other Wood Product Manufacturing	3219	Manufacture	Wood Product	@headlessly/manufacture-wood-product	100	9	7	10	13	13	7	1	1
322110	Pulp Mills	Manufacturing	31-33	Paper Manufacturing	322	Pulp, Paper, and Paperboard Mills	3221	Mill	Pulp Mills	@headlessly/mill-pulp-mills	100	9	7	10	13	12	7	1	1
322120	Paper Mills	Manufacturing	31-33	Paper Manufacturing	322	Pulp, Paper, and Paperboard Mills	3221	Mill	Paper Mills	@headlessly/mill-paper-mills	100	9	8	10	13	12	7	1	1
322130	Paperboard Mills	Manufacturing	31-33	Paper Manufacturing	322	Pulp, Paper, and Paperboard Mills	3221	Mill	Paperboard Mills	@headlessly/mill-paperboard-mills	100	9	8	10	13	12	7	1	1
322211	Corrugated and Solid Fiber Box Manufacturing	Manufacturing	31-33	Paper Manufacturing	322	Converted Paper Product Manufacturing	3222	Manufacture	Corrugated Solid	@headlessly/manufacture-corrugated-solid	100	9	8	10	12	12	7	1	1
322212	Folding Paperboard Box Manufacturing	Manufacturing	31-33	Paper Manufacturing	322	Converted Paper Product Manufacturing	3222	Manufacture	Folding Paperboard	@headlessly/manufacture-folding-paperboard	100	9	8	10	13	13	7	1	1
322219	Other Paperboard Container Manufacturing	Manufacturing	31-33	Paper Manufacturing	322	Converted Paper Product Manufacturing	3222	Manufacture	Paperboard Container	@headlessly/manufacture-paperboard-container	100	9	7	10	12	12	7	1	1
322220	Paper Bag and Coated and Treated Paper Manufacturing	Manufacturing	31-33	Paper Manufacturing	322	Converted Paper Product Manufacturing	3222	Manufacture	Paper Bag	@headlessly/manufacture-paper-bag	100	9	7	10	13	13	7	1	1
322230	Stationery Product Manufacturing	Manufacturing	31-33	Paper Manufacturing	322	Converted Paper Product Manufacturing	3222	Manufacture	Stationery Product	@headlessly/manufacture-stationery-product	100	9	8	10	13	13	7	1	1
322291	Sanitary Paper Product Manufacturing	Manufacturing	31-33	Paper Manufacturing	322	Converted Paper Product Manufacturing	3222	Manufacture	Sanitary Paper	@headlessly/manufacture-sanitary-paper	100	9	8	10	14	14	7	1	1
322299	All Other Converted Paper Product Manufacturing	Manufacturing	31-33	Paper Manufacturing	322	Converted Paper Product Manufacturing	3222	Manufacture	Converted Paper	@headlessly/manufacture-converted-paper	100	9	7	10	12	12	7	1	1
323111	Commercial Printing (except Screen and Books)	Manufacturing	31-33	Printing and Related Support Activities	323	Printing and Related Support Activities	3231	Print	Commercial Printing	@headlessly/print-commercial-printing	100	9	8	10	14	12	7	1	0
323113	Commercial Screen Printing	Manufacturing	31-33	Printing and Related Support Activities	323	Printing and Related Support Activities	3231	Print	Commercial Screen	@headlessly/print-commercial-screen	100	9	9	10	15	12	7	1	0
323117	Books Printing	Manufacturing	31-33	Printing and Related Support Activities	323	Printing and Related Support Activities	3231	Print	Books Printing	@headlessly/print-books-printing	100	9	9	10	16	13	7	1	0
323120	Support Activities for Printing	Manufacturing	31-33	Printing and Related Support Activities	323	Printing and Related Support Activities	3231	Print	Support Activities	@headlessly/print-support-activities	100	8	9	10	16	15	7	1	0
324110	Petroleum Refineries	Manufacturing	31-33	Petroleum and Coal Products Manufacturing	324	Petroleum and Coal Products Manufacturing	3241	Refine	Petroleum Refineries	@headlessly/refine-petroleum-refineries	100	10	10	11	16	14	8	1	0
324121	Asphalt Paving Mixture and Block Manufacturing	Manufacturing	31-33	Petroleum and Coal Products Manufacturing	324	Petroleum and Coal Products Manufacturing	3241	Refine	Asphalt Paving	@headlessly/refine-asphalt-paving	100	9	8	10	15	14	7	1	0
324122	Asphalt Shingle and Coating Materials Manufacturing	Manufacturing	31-33	Petroleum and Coal Products Manufacturing	324	Petroleum and Coal Products Manufacturing	3241	Refine	Asphalt Shingle	@headlessly/refine-asphalt-shingle	100	10	9	10	16	15	7	1	0
324191	Petroleum Lubricating Oil and Grease Manufacturing	Manufacturing	31-33	Petroleum and Coal Products Manufacturing	324	Petroleum and Coal Products Manufacturing	3241	Refine	Petroleum Lubricating	@headlessly/refine-petroleum-lubricating	100	10	9	10	17	15	8	1	0
324199	All Other Petroleum and Coal Products Manufacturing	Manufacturing	31-33	Petroleum and Coal Products Manufacturing	324	Petroleum and Coal Products Manufacturing	3241	Refine	Petroleum Coal	@headlessly/refine-petroleum-coal	100	10	9	10	16	14	8	1	0
325110	Petrochemical Manufacturing	Manufacturing	31-33	Chemical Manufacturing	325	Basic Chemical Manufacturing	3251	Manufacture	Petrochemical	@headlessly/manufacture-petrochemical	100	9	8	10	12	10	8	1	0
325120	Industrial Gas Manufacturing	Manufacturing	31-33	Chemical Manufacturing	325	Basic Chemical Manufacturing	3251	Manufacture	Industrial Gas	@headlessly/manufacture-industrial-gas	100	9	8	10	12	10	8	1	0
325130	Synthetic Dye and Pigment Manufacturing	Manufacturing	31-33	Chemical Manufacturing	325	Basic Chemical Manufacturing	3251	Manufacture	Synthetic Dye	@headlessly/manufacture-synthetic-dye	100	9	8	10	12	10	8	1	0
325180	Other Basic Inorganic Chemical Manufacturing	Manufacturing	31-33	Chemical Manufacturing	325	Basic Chemical Manufacturing	3251	Manufacture	Basic Inorganic	@headlessly/manufacture-basic-inorganic	100	9	8	10	12	10	8	1	0
325193	Ethyl Alcohol Manufacturing	Manufacturing	31-33	Chemical Manufacturing	325	Basic Chemical Manufacturing	3251	Manufacture	Ethyl Alcohol	@headlessly/manufacture-ethyl-alcohol	100	9	8	10	12	10	8	1	0
325194	Cyclic Crude, Intermediate, and Gum and Wood Chemical Manufacturing	Manufacturing	31-33	Chemical Manufacturing	325	Basic Chemical Manufacturing	3251	Manufacture	Cyclic Crude	@headlessly/manufacture-cyclic-crude	100	9	8	10	12	10	8	1	0
325199	All Other Basic Organic Chemical Manufacturing	Manufacturing	31-33	Chemical Manufacturing	325	Basic Chemical Manufacturing	3251	Manufacture	Basic Organic	@headlessly/manufacture-basic-organic	100	9	8	10	12	10	8	1	0
325211	Plastics Material and Resin Manufacturing	Manufacturing	31-33	Chemical Manufacturing	325	Resin, Synthetic Rubber, and Artificial and Synthetic Fibers and Filaments Manufacturing	3252	Manufacture	Plastics Material	@headlessly/manufacture-plastics-material	100	9	8	10	12	10	8	1	0
325212	Synthetic Rubber Manufacturing	Manufacturing	31-33	Chemical Manufacturing	325	Resin, Synthetic Rubber, and Artificial and Synthetic Fibers and Filaments Manufacturing	3252	Manufacture	Synthetic Rubber	@headlessly/manufacture-synthetic-rubber	100	9	8	10	12	10	8	1	0
325220	Artificial and Synthetic Fibers and Filaments Manufacturing	Manufacturing	31-33	Chemical Manufacturing	325	Resin, Synthetic Rubber, and Artificial and Synthetic Fibers and Filaments Manufacturing	3252	Manufacture	Artificial Synthetic	@headlessly/manufacture-artificial-synthetic	100	9	8	10	12	10	8	1	0
325311	Nitrogenous Fertilizer Manufacturing	Manufacturing	31-33	Chemical Manufacturing	325	Pesticide, Fertilizer, and Other Agricultural Chemical Manufacturing	3253	Manufacture	Nitrogenous Fertilizer	@headlessly/manufacture-nitrogenous-fertilizer	100	9	8	10	12	10	8	1	0
325312	Phosphatic Fertilizer Manufacturing	Manufacturing	31-33	Chemical Manufacturing	325	Pesticide, Fertilizer, and Other Agricultural Chemical Manufacturing	3253	Manufacture	Phosphatic Fertilizer	@headlessly/manufacture-phosphatic-fertilizer	100	9	8	10	12	10	8	1	0
325314	Fertilizer (Mixing Only) Manufacturing	Manufacturing	31-33	Chemical Manufacturing	325	Pesticide, Fertilizer, and Other Agricultural Chemical Manufacturing	3253	Manufacture	Fertilizer	@headlessly/manufacture-fertilizer	100	9	8	10	12	10	8	1	0
325315	Compost Manufacturing	Manufacturing	31-33	Chemical Manufacturing	325	Pesticide, Fertilizer, and Other Agricultural Chemical Manufacturing	3253	Manufacture	Compost	@headlessly/manufacture-compost	100	9	8	10	12	10	8	1	0
325320	Pesticide and Other Agricultural Chemical Manufacturing	Manufacturing	31-33	Chemical Manufacturing	325	Pesticide, Fertilizer, and Other Agricultural Chemical Manufacturing	3253	Manufacture	Pesticide	@headlessly/manufacture-pesticide	100	9	8	10	12	10	8	1	0
325411	Medicinal and Botanical Manufacturing	Manufacturing	31-33	Chemical Manufacturing	325	Pharmaceutical and Medicine Manufacturing	3254	Manufacture	Medicinal Botanical	@headlessly/manufacture-medicinal-botanical	100	9	8	10	12	10	8	1	0
325412	Pharmaceutical Preparation Manufacturing	Manufacturing	31-33	Chemical Manufacturing	325	Pharmaceutical and Medicine Manufacturing	3254	Manufacture	Pharmaceutical Preparation	@headlessly/manufacture-pharmaceutical-preparation	100	9	8	10	12	10	8	1	0
325413	In-Vitro Diagnostic Substance Manufacturing	Manufacturing	31-33	Chemical Manufacturing	325	Pharmaceutical and Medicine Manufacturing	3254	Manufacture	In-Vitro Diagnostic	@headlessly/manufacture-in-vitro-diagnostic	100	9	8	10	12	10	8	1	0
325414	Biological Product (except Diagnostic) Manufacturing	Manufacturing	31-33	Chemical Manufacturing	325	Pharmaceutical and Medicine Manufacturing	3254	Manufacture	Biological Product	@headlessly/manufacture-biological-product	100	9	8	10	12	10	8	1	0
325510	Paint and Coating Manufacturing	Manufacturing	31-33	Chemical Manufacturing	325	Paint, Coating, and Adhesive Manufacturing	3255	Manufacture	Paint Coating	@headlessly/manufacture-paint-coating	100	9	8	10	12	10	8	1	0
325520	Adhesive Manufacturing	Manufacturing	31-33	Chemical Manufacturing	325	Paint, Coating, and Adhesive Manufacturing	3255	Manufacture	Adhesive	@headlessly/manufacture-adhesive	100	9	8	10	12	10	8	1	0
325611	Soap and Other Detergent Manufacturing	Manufacturing	31-33	Chemical Manufacturing	325	Soap, Cleaning Compound, and Toilet Preparation Manufacturing	3256	Manufacture	Soap	@headlessly/manufacture-soap	100	9	8	10	12	10	8	1	0
325612	Polish and Other Sanitation Good Manufacturing	Manufacturing	31-33	Chemical Manufacturing	325	Soap, Cleaning Compound, and Toilet Preparation Manufacturing	3256	Manufacture	Polish	@headlessly/manufacture-polish	100	9	8	10	12	10	8	1	0
325613	Surface Active Agent Manufacturing	Manufacturing	31-33	Chemical Manufacturing	325	Soap, Cleaning Compound, and Toilet Preparation Manufacturing	3256	Manufacture	Surface Active	@headlessly/manufacture-surface-active	100	9	8	10	12	10	8	1	0
325620	Toilet Preparation Manufacturing	Manufacturing	31-33	Chemical Manufacturing	325	Soap, Cleaning Compound, and Toilet Preparation Manufacturing	3256	Manufacture	Toilet Preparation	@headlessly/manufacture-toilet-preparation	100	9	8	10	12	10	8	1	0
325910	Printing Ink Manufacturing	Manufacturing	31-33	Chemical Manufacturing	325	Other Chemical Product and Preparation Manufacturing	3259	Manufacture	Printing Ink	@headlessly/manufacture-printing-ink	100	9	8	10	12	10	8	1	0
325920	Explosives Manufacturing	Manufacturing	31-33	Chemical Manufacturing	325	Other Chemical Product and Preparation Manufacturing	3259	Manufacture	Explosives	@headlessly/manufacture-explosives	100	9	8	10	12	10	8	1	0
325991	Custom Compounding of Purchased Resins	Manufacturing	31-33	Chemical Manufacturing	325	Other Chemical Product and Preparation Manufacturing	3259	Manufacture	Custom Compounding	@headlessly/manufacture-custom-compounding	100	9	8	10	12	10	8	1	0
325992	Photographic Film, Paper, Plate, Chemical, and Copy Toner Manufacturing	Manufacturing	31-33	Chemical Manufacturing	325	Other Chemical Product and Preparation Manufacturing	3259	Manufacture	Photographic Film	@headlessly/manufacture-photographic-film	100	9	8	10	12	10	8	1	0
325998	All Other Miscellaneous Chemical Product and Preparation Manufacturing	Manufacturing	31-33	Chemical Manufacturing	325	Other Chemical Product and Preparation Manufacturing	3259	Manufacture	Chemical Product	@headlessly/manufacture-chemical-product	100	9	8	10	12	10	8	1	0
326111	Plastics Bag and Pouch Manufacturing	Manufacturing	31-33	Plastics and Rubber Products Manufacturing	326	Plastics Product Manufacturing	3261	Manufacture	Plastics Bag	@headlessly/manufacture-plastics-bag	100	10	8	10	12	10	8	1	0
326112	Plastics Packaging Film and Sheet (including Laminated) Manufacturing	Manufacturing	31-33	Plastics and Rubber Products Manufacturing	326	Plastics Product Manufacturing	3261	Manufacture	Plastics Packaging	@headlessly/manufacture-plastics-packaging	100	10	8	10	12	11	8	1	0
326113	Unlaminated Plastics Film and Sheet (except Packaging) Manufacturing	Manufacturing	31-33	Plastics and Rubber Products Manufacturing	326	Plastics Product Manufacturing	3261	Manufacture	Unlaminated Plastics	@headlessly/manufacture-unlaminated-plastics	100	10	8	10	12	11	8	1	0
326121	Unlaminated Plastics Profile Shape Manufacturing	Manufacturing	31-33	Plastics and Rubber Products Manufacturing	326	Plastics Product Manufacturing	3261	Manufacture	Unlaminated Plastics	@headlessly/manufacture-unlaminated-plastics	100	10	8	10	12	11	8	1	0
326122	Plastics Pipe and Pipe Fitting Manufacturing	Manufacturing	31-33	Plastics and Rubber Products Manufacturing	326	Plastics Product Manufacturing	3261	Manufacture	Plastics Pipe	@headlessly/manufacture-plastics-pipe	100	10	8	10	13	11	8	1	0
326130	Laminated Plastics Plate, Sheet (except Packaging), and Shape Manufacturing	Manufacturing	31-33	Plastics and Rubber Products Manufacturing	326	Plastics Product Manufacturing	3261	Manufacture	Laminated Plastics	@headlessly/manufacture-laminated-plastics	100	10	8	10	13	11	8	1	0
326140	Polystyrene Foam Product Manufacturing	Manufacturing	31-33	Plastics and Rubber Products Manufacturing	326	Plastics Product Manufacturing	3261	Manufacture	Polystyrene Foam	@headlessly/manufacture-polystyrene-foam	100	10	8	10	12	11	8	1	0
326150	Urethane and Other Foam Product (except Polystyrene) Manufacturing	Manufacturing	31-33	Plastics and Rubber Products Manufacturing	326	Plastics Product Manufacturing	3261	Manufacture	Urethane	@headlessly/manufacture-urethane	100	10	8	10	13	11	8	1	0
326160	Plastics Bottle Manufacturing	Manufacturing	31-33	Plastics and Rubber Products Manufacturing	326	Plastics Product Manufacturing	3261	Manufacture	Plastics Bottle	@headlessly/manufacture-plastics-bottle	100	10	8	10	12	12	8	1	0
326191	Plastics Plumbing Fixture Manufacturing	Manufacturing	31-33	Plastics and Rubber Products Manufacturing	326	Plastics Product Manufacturing	3261	Manufacture	Plastics Plumbing	@headlessly/manufacture-plastics-plumbing	100	11	8	10	12	11	8	1	0
326199	All Other Plastics Product Manufacturing	Manufacturing	31-33	Plastics and Rubber Products Manufacturing	326	Plastics Product Manufacturing	3261	Manufacture	Plastics Product	@headlessly/manufacture-plastics-product	100	10	8	10	12	12	8	1	0
326211	Tire Manufacturing (except Retreading)	Manufacturing	31-33	Plastics and Rubber Products Manufacturing	326	Rubber Product Manufacturing	3262	Manufacture	Tire	@headlessly/manufacture-tire	100	10	8	10	12	12	8	1	0
326212	Tire Retreading	Manufacturing	31-33	Plastics and Rubber Products Manufacturing	326	Rubber Product Manufacturing	3262	Manufacture	Tire Retreading	@headlessly/manufacture-tire-retreading	100	10	8	10	12	11	8	1	0
326220	Rubber and Plastics Hoses and Belting Manufacturing	Manufacturing	31-33	Plastics and Rubber Products Manufacturing	326	Rubber Product Manufacturing	3262	Manufacture	Rubber Plastics	@headlessly/manufacture-rubber-plastics	100	10	8	10	12	11	8	1	0
326291	Rubber Product Manufacturing for Mechanical Use	Manufacturing	31-33	Plastics and Rubber Products Manufacturing	326	Rubber Product Manufacturing	3262	Manufacture	Rubber Product	@headlessly/manufacture-rubber-product	100	10	8	10	12	12	8	1	0
326299	All Other Rubber Product Manufacturing	Manufacturing	31-33	Plastics and Rubber Products Manufacturing	326	Rubber Product Manufacturing	3262	Manufacture	Rubber Product	@headlessly/manufacture-rubber-product	100	10	8	10	12	12	8	1	0
327110	Pottery, Ceramics, and Plumbing Fixture Manufacturing	Manufacturing	31-33	Nonmetallic Mineral Product Manufacturing	327	Clay Product and Refractory Manufacturing	3271	Manufacture	Pottery	@headlessly/manufacture-pottery	100	10	7	10	12	12	8	1	1
327120	Clay Building Material and Refractories Manufacturing	Manufacturing	31-33	Nonmetallic Mineral Product Manufacturing	327	Clay Product and Refractory Manufacturing	3271	Manufacture	Clay Building	@headlessly/manufacture-clay-building	100	10	7	10	12	11	8	1	1
327211	Flat Glass Manufacturing	Manufacturing	31-33	Nonmetallic Mineral Product Manufacturing	327	Glass and Glass Product Manufacturing	3272	Manufacture	Flat Glass	@headlessly/manufacture-flat-glass	100	10	7	10	12	11	8	1	1
327212	Other Pressed and Blown Glass and Glassware Manufacturing	Manufacturing	31-33	Nonmetallic Mineral Product Manufacturing	327	Glass and Glass Product Manufacturing	3272	Manufacture	Pressed Blown	@headlessly/manufacture-pressed-blown	100	10	8	10	12	12	8	1	1
327213	Glass Container Manufacturing	Manufacturing	31-33	Nonmetallic Mineral Product Manufacturing	327	Glass and Glass Product Manufacturing	3272	Manufacture	Glass Container	@headlessly/manufacture-glass-container	100	10	8	10	12	12	8	1	1
327215	Glass Product Manufacturing Made of Purchased Glass	Manufacturing	31-33	Nonmetallic Mineral Product Manufacturing	327	Glass and Glass Product Manufacturing	3272	Manufacture	Glass Product	@headlessly/manufacture-glass-product	100	10	8	10	12	12	8	1	1
327310	Cement Manufacturing	Manufacturing	31-33	Nonmetallic Mineral Product Manufacturing	327	Cement and Concrete Product Manufacturing	3273	Manufacture	Cement	@headlessly/manufacture-cement	100	10	8	10	12	12	8	1	1
327320	Ready-Mix Concrete Manufacturing	Manufacturing	31-33	Nonmetallic Mineral Product Manufacturing	327	Cement and Concrete Product Manufacturing	3273	Manufacture	Ready-Mix Concrete	@headlessly/manufacture-ready-mix-concrete	100	10	8	10	12	11	8	1	1
327331	Concrete Block and Brick Manufacturing	Manufacturing	31-33	Nonmetallic Mineral Product Manufacturing	327	Cement and Concrete Product Manufacturing	3273	Manufacture	Concrete Block	@headlessly/manufacture-concrete-block	100	10	8	10	12	11	8	1	1
327332	Concrete Pipe Manufacturing	Manufacturing	31-33	Nonmetallic Mineral Product Manufacturing	327	Cement and Concrete Product Manufacturing	3273	Manufacture	Concrete Pipe	@headlessly/manufacture-concrete-pipe	100	10	8	10	12	11	8	1	1
327390	Other Concrete Product Manufacturing	Manufacturing	31-33	Nonmetallic Mineral Product Manufacturing	327	Cement and Concrete Product Manufacturing	3273	Manufacture	Concrete Product	@headlessly/manufacture-concrete-product	100	10	8	10	12	12	8	1	1
327410	Lime Manufacturing	Manufacturing	31-33	Nonmetallic Mineral Product Manufacturing	327	Lime and Gypsum Product Manufacturing	3274	Manufacture	Lime	@headlessly/manufacture-lime	100	10	8	10	12	11	8	1	1
327420	Gypsum Product Manufacturing	Manufacturing	31-33	Nonmetallic Mineral Product Manufacturing	327	Lime and Gypsum Product Manufacturing	3274	Manufacture	Gypsum Product	@headlessly/manufacture-gypsum-product	100	10	8	10	12	12	8	1	1
327910	Abrasive Product Manufacturing	Manufacturing	31-33	Nonmetallic Mineral Product Manufacturing	327	Other Nonmetallic Mineral Product Manufacturing	3279	Manufacture	Abrasive Product	@headlessly/manufacture-abrasive-product	100	10	8	10	12	12	8	1	1
327991	Cut Stone and Stone Product Manufacturing	Manufacturing	31-33	Nonmetallic Mineral Product Manufacturing	327	Other Nonmetallic Mineral Product Manufacturing	3279	Manufacture	Cut Stone	@headlessly/manufacture-cut-stone	100	10	8	10	12	12	8	1	1
327992	Ground or Treated Mineral and Earth Manufacturing	Manufacturing	31-33	Nonmetallic Mineral Product Manufacturing	327	Other Nonmetallic Mineral Product Manufacturing	3279	Manufacture	Ground Treated	@headlessly/manufacture-ground-treated	100	10	8	10	12	12	8	1	1
327993	Mineral Wool Manufacturing	Manufacturing	31-33	Nonmetallic Mineral Product Manufacturing	327	Other Nonmetallic Mineral Product Manufacturing	3279	Manufacture	Mineral Wool	@headlessly/manufacture-mineral-wool	100	10	8	10	12	12	8	1	1
327999	All Other Miscellaneous Nonmetallic Mineral Product Manufacturing	Manufacturing	31-33	Nonmetallic Mineral Product Manufacturing	327	Other Nonmetallic Mineral Product Manufacturing	3279	Manufacture	Nonmetallic Mineral	@headlessly/manufacture-nonmetallic-mineral	100	10	8	10	12	14	8	1	1
331110	Iron and Steel Mills and Ferroalloy Manufacturing	Manufacturing	31-33	Primary Metal Manufacturing	331	Iron and Steel Mills and Ferroalloy Manufacturing	3311	Smelt	Iron Steel	@headlessly/smelt-iron-steel	100	10	8	10	14	13	8	1	1
331210	Iron and Steel Pipe and Tube Manufacturing from Purchased Steel	Manufacturing	31-33	Primary Metal Manufacturing	331	Steel Product Manufacturing from Purchased Steel	3312	Manufacture	Iron Steel	@headlessly/manufacture-iron-steel	100	10	8	10	14	14	8	1	1
331221	Rolled Steel Shape Manufacturing	Manufacturing	31-33	Primary Metal Manufacturing	331	Steel Product Manufacturing from Purchased Steel	3312	Manufacture	Rolled Steel	@headlessly/manufacture-rolled-steel	100	10	8	10	13	13	8	1	1
331222	Steel Wire Drawing	Manufacturing	31-33	Primary Metal Manufacturing	331	Steel Product Manufacturing from Purchased Steel	3312	Manufacture	Steel Wire	@headlessly/manufacture-steel-wire	100	10	8	10	13	13	8	1	1
331313	Alumina Refining and Primary Aluminum Production	Manufacturing	31-33	Primary Metal Manufacturing	331	Alumina and Aluminum Production and Processing	3313	Refine	Alumina Refining	@headlessly/refine-alumina-refining	100	10	8	10	14	14	8	1	1
331314	Secondary Smelting and Alloying of Aluminum	Manufacturing	31-33	Primary Metal Manufacturing	331	Alumina and Aluminum Production and Processing	3313	Refine	Secondary Smelting	@headlessly/refine-secondary-smelting	100	10	8	10	14	14	8	1	1
331315	Aluminum Sheet, Plate, and Foil Manufacturing	Manufacturing	31-33	Primary Metal Manufacturing	331	Alumina and Aluminum Production and Processing	3313	Refine	Aluminum Sheet	@headlessly/refine-aluminum-sheet	100	10	8	10	14	14	8	1	1
331318	Other Aluminum Rolling, Drawing, and Extruding	Manufacturing	31-33	Primary Metal Manufacturing	331	Alumina and Aluminum Production and Processing	3313	Refine	Aluminum Rolling	@headlessly/refine-aluminum-rolling	100	10	8	10	14	14	8	1	1
331410	Nonferrous Metal (except Aluminum) Smelting and Refining	Manufacturing	31-33	Primary Metal Manufacturing	331	Nonferrous Metal (except Aluminum) Production and Processing	3314	Refine	Nonferrous Metal	@headlessly/refine-nonferrous-metal	100	10	8	10	14	11	8	1	1
331420	Copper Rolling, Drawing, Extruding, and Alloying	Manufacturing	31-33	Primary Metal Manufacturing	331	Nonferrous Metal (except Aluminum) Production and Processing	3314	Refine	Copper Rolling	@headlessly/refine-copper-rolling	100	10	8	10	14	14	8	1	1
331491	Nonferrous Metal (except Copper and Aluminum) Rolling, Drawing, and Extruding	Manufacturing	31-33	Primary Metal Manufacturing	331	Nonferrous Metal (except Aluminum) Production and Processing	3314	Refine	Nonferrous Metal	@headlessly/refine-nonferrous-metal	100	10	8	10	14	14	8	1	1
331492	Secondary Smelting, Refining, and Alloying of Nonferrous Metal (except Copper and Aluminum)	Manufacturing	31-33	Primary Metal Manufacturing	331	Nonferrous Metal (except Aluminum) Production and Processing	3314	Refine	Secondary Smelting	@headlessly/refine-secondary-smelting	100	10	8	10	13	13	8	1	1
331511	Iron Foundries	Manufacturing	31-33	Primary Metal Manufacturing	331	Foundries	3315	Cast	Iron Foundries	@headlessly/cast-iron-foundries	100	10	9	10	14	13	8	1	1
331512	Steel Investment Foundries	Manufacturing	31-33	Primary Metal Manufacturing	331	Foundries	3315	Cast	Steel Investment	@headlessly/cast-steel-investment	100	10	8	10	16	14	8	1	1
331513	Steel Foundries (except Investment)	Manufacturing	31-33	Primary Metal Manufacturing	331	Foundries	3315	Cast	Steel Foundries	@headlessly/cast-steel-foundries	100	10	10	10	16	15	8	1	1
331523	Nonferrous Metal Die-Casting Foundries	Manufacturing	31-33	Primary Metal Manufacturing	331	Foundries	3315	Cast	Nonferrous Metal	@headlessly/cast-nonferrous-metal	100	10	8	10	15	13	8	1	1
331524	Aluminum Foundries (except Die-Casting)	Manufacturing	31-33	Primary Metal Manufacturing	331	Foundries	3315	Cast	Aluminum Foundries	@headlessly/cast-aluminum-foundries	100	10	9	10	16	16	8	1	1
331529	Other Nonferrous Metal Foundries (except Die-Casting)	Manufacturing	31-33	Primary Metal Manufacturing	331	Foundries	3315	Cast	Nonferrous Metal	@headlessly/cast-nonferrous-metal	100	10	9	10	16	16	8	1	1
332111	Iron and Steel Forging	Manufacturing	31-33	Fabricated Metal Product Manufacturing	332	Forging and Stamping	3321	Forge	Iron Steel	@headlessly/forge-iron-steel	100	9	8	10	12	10	8	1	0
332112	Nonferrous Forging	Manufacturing	31-33	Fabricated Metal Product Manufacturing	332	Forging and Stamping	3321	Forge	Nonferrous Forging	@headlessly/forge-nonferrous-forging	100	9	8	10	12	9	8	1	0
332114	Custom Roll Forming	Manufacturing	31-33	Fabricated Metal Product Manufacturing	332	Forging and Stamping	3321	Forge	Custom Roll	@headlessly/forge-custom-roll	100	9	8	10	12	10	8	1	0
332117	Powder Metallurgy Part Manufacturing	Manufacturing	31-33	Fabricated Metal Product Manufacturing	332	Forging and Stamping	3321	Forge	Powder Metallurgy	@headlessly/forge-powder-metallurgy	100	9	8	10	12	9	8	1	0
332119	Metal Crown, Closure, and Other Metal Stamping (except Automotive)	Manufacturing	31-33	Fabricated Metal Product Manufacturing	332	Forging and Stamping	3321	Forge	Metal Crown	@headlessly/forge-metal-crown	100	9	8	10	12	9	8	1	0
332215	Metal Kitchen Cookware, Utensil, Cutlery, and Flatware (except Precious) Manufacturing	Manufacturing	31-33	Fabricated Metal Product Manufacturing	332	Cutlery and Handtool Manufacturing	3322	Manufacture	Metal Kitchen	@headlessly/manufacture-metal-kitchen	100	9	8	10	12	10	8	1	0
332216	Saw Blade and Handtool Manufacturing	Manufacturing	31-33	Fabricated Metal Product Manufacturing	332	Cutlery and Handtool Manufacturing	3322	Manufacture	Saw Blade	@headlessly/manufacture-saw-blade	100	9	8	10	12	10	8	1	0
332311	Prefabricated Metal Building and Component Manufacturing	Manufacturing	31-33	Fabricated Metal Product Manufacturing	332	Architectural and Structural Metals Manufacturing	3323	Fabricate	Prefabricated Metal	@headlessly/fabricate-prefabricated-metal	100	9	8	10	12	10	8	1	0
332312	Fabricated Structural Metal Manufacturing	Manufacturing	31-33	Fabricated Metal Product Manufacturing	332	Architectural and Structural Metals Manufacturing	3323	Fabricate	Fabricated Structural	@headlessly/fabricate-fabricated-structural	100	9	8	10	12	10	8	1	0
332313	Plate Work Manufacturing	Manufacturing	31-33	Fabricated Metal Product Manufacturing	332	Architectural and Structural Metals Manufacturing	3323	Fabricate	Plate Work	@headlessly/fabricate-plate-work	100	9	8	10	12	10	8	1	0
332321	Metal Window and Door Manufacturing	Manufacturing	31-33	Fabricated Metal Product Manufacturing	332	Architectural and Structural Metals Manufacturing	3323	Fabricate	Metal Window	@headlessly/fabricate-metal-window	100	9	8	10	12	10	8	1	0
332322	Sheet Metal Work Manufacturing	Manufacturing	31-33	Fabricated Metal Product Manufacturing	332	Architectural and Structural Metals Manufacturing	3323	Fabricate	Sheet Metal	@headlessly/fabricate-sheet-metal	100	9	8	10	12	9	8	1	0
332323	Ornamental and Architectural Metal Work Manufacturing	Manufacturing	31-33	Fabricated Metal Product Manufacturing	332	Architectural and Structural Metals Manufacturing	3323	Fabricate	Ornamental Architectural	@headlessly/fabricate-ornamental-architectural	100	9	8	10	12	10	8	1	0
332410	Power Boiler and Heat Exchanger Manufacturing	Manufacturing	31-33	Fabricated Metal Product Manufacturing	332	Boiler, Tank, and Shipping Container Manufacturing	3324	Manufacture	Power Boiler	@headlessly/manufacture-power-boiler	100	9	8	10	12	10	8	1	0
332420	Metal Tank (Heavy Gauge) Manufacturing	Manufacturing	31-33	Fabricated Metal Product Manufacturing	332	Boiler, Tank, and Shipping Container Manufacturing	3324	Manufacture	Metal Tank	@headlessly/manufacture-metal-tank	100	9	8	10	12	10	8	1	0
332431	Metal Can Manufacturing	Manufacturing	31-33	Fabricated Metal Product Manufacturing	332	Boiler, Tank, and Shipping Container Manufacturing	3324	Manufacture	Metal Can	@headlessly/manufacture-metal-can	100	9	8	10	12	10	8	1	0
332439	Other Metal Container Manufacturing	Manufacturing	31-33	Fabricated Metal Product Manufacturing	332	Boiler, Tank, and Shipping Container Manufacturing	3324	Manufacture	Metal Container	@headlessly/manufacture-metal-container	100	9	8	10	12	10	8	1	0
332510	Hardware Manufacturing	Manufacturing	31-33	Fabricated Metal Product Manufacturing	332	Hardware Manufacturing	3325	Manufacture	Hardware	@headlessly/manufacture-hardware	100	9	8	10	12	9	8	1	0
332613	Spring Manufacturing	Manufacturing	31-33	Fabricated Metal Product Manufacturing	332	Spring and Wire Product Manufacturing	3326	Manufacture	Spring	@headlessly/manufacture-spring	100	9	8	10	12	9	8	1	0
332618	Other Fabricated Wire Product Manufacturing	Manufacturing	31-33	Fabricated Metal Product Manufacturing	332	Spring and Wire Product Manufacturing	3326	Manufacture	Fabricated Wire	@headlessly/manufacture-fabricated-wire	100	9	8	10	12	9	8	1	0
332710	Machine Shops	Manufacturing	31-33	Fabricated Metal Product Manufacturing	332	Machine Shops; Turned Product; and Screw, Nut, and Bolt Manufacturing	3327	Machine	Machine Shops	@headlessly/machine-machine-shops	100	9	8	10	12	9	8	1	0
332721	Precision Turned Product Manufacturing	Manufacturing	31-33	Fabricated Metal Product Manufacturing	332	Machine Shops; Turned Product; and Screw, Nut, and Bolt Manufacturing	3327	Machine	Precision Turned	@headlessly/machine-precision-turned	100	9	8	10	12	9	8	1	0
332722	Bolt, Nut, Screw, Rivet, and Washer Manufacturing	Manufacturing	31-33	Fabricated Metal Product Manufacturing	332	Machine Shops; Turned Product; and Screw, Nut, and Bolt Manufacturing	3327	Machine	Bolt	@headlessly/machine-bolt	100	9	8	10	12	9	8	1	0
332811	Metal Heat Treating	Manufacturing	31-33	Fabricated Metal Product Manufacturing	332	Coating, Engraving, Heat Treating, and Allied Activities	3328	Coat	Metal Heat	@headlessly/coat-metal-heat	100	9	8	10	12	9	8	1	0
332812	Metal Coating, Engraving (except Jewelry and Silverware), and Allied Services to Manufacturers	Manufacturing	31-33	Fabricated Metal Product Manufacturing	332	Coating, Engraving, Heat Treating, and Allied Activities	3328	Coat	Metal Coating	@headlessly/coat-metal-coating	100	9	8	10	12	9	8	1	0
332813	Electroplating, Plating, Polishing, Anodizing, and Coloring	Manufacturing	31-33	Fabricated Metal Product Manufacturing	332	Coating, Engraving, Heat Treating, and Allied Activities	3328	Coat	Electroplating	@headlessly/coat-electroplating	100	9	8	10	12	10	8	1	0
332911	Industrial Valve Manufacturing	Manufacturing	31-33	Fabricated Metal Product Manufacturing	332	Other Fabricated Metal Product Manufacturing	3329	Fabricate	Industrial Valve	@headlessly/fabricate-industrial-valve	100	9	8	10	12	8	8	1	0
332912	Fluid Power Valve and Hose Fitting Manufacturing	Manufacturing	31-33	Fabricated Metal Product Manufacturing	332	Other Fabricated Metal Product Manufacturing	3329	Fabricate	Fluid Power	@headlessly/fabricate-fluid-power	100	9	8	10	12	8	8	1	0
332913	Plumbing Fixture Fitting and Trim Manufacturing	Manufacturing	31-33	Fabricated Metal Product Manufacturing	332	Other Fabricated Metal Product Manufacturing	3329	Fabricate	Plumbing Fixture	@headlessly/fabricate-plumbing-fixture	100	9	8	10	12	8	8	1	0
332919	Other Metal Valve and Pipe Fitting Manufacturing	Manufacturing	31-33	Fabricated Metal Product Manufacturing	332	Other Fabricated Metal Product Manufacturing	3329	Fabricate	Metal Valve	@headlessly/fabricate-metal-valve	100	9	8	10	11	8	8	1	0
332991	Ball and Roller Bearing Manufacturing	Manufacturing	31-33	Fabricated Metal Product Manufacturing	332	Other Fabricated Metal Product Manufacturing	3329	Fabricate	Ball Roller	@headlessly/fabricate-ball-roller	100	9	8	10	12	8	8	1	0
332992	Small Arms Ammunition Manufacturing	Manufacturing	31-33	Fabricated Metal Product Manufacturing	332	Other Fabricated Metal Product Manufacturing	3329	Fabricate	Small Arms	@headlessly/fabricate-small-arms	100	9	8	10	12	8	8	1	0
332993	Ammunition (except Small Arms) Manufacturing	Manufacturing	31-33	Fabricated Metal Product Manufacturing	332	Other Fabricated Metal Product Manufacturing	3329	Fabricate	Ammunition	@headlessly/fabricate-ammunition	100	9	8	10	12	8	8	1	0
332994	Small Arms, Ordnance, and Ordnance Accessories Manufacturing	Manufacturing	31-33	Fabricated Metal Product Manufacturing	332	Other Fabricated Metal Product Manufacturing	3329	Fabricate	Small Arms	@headlessly/fabricate-small-arms	100	9	8	10	12	9	8	1	0
332996	Fabricated Pipe and Pipe Fitting Manufacturing	Manufacturing	31-33	Fabricated Metal Product Manufacturing	332	Other Fabricated Metal Product Manufacturing	3329	Fabricate	Fabricated Pipe	@headlessly/fabricate-fabricated-pipe	100	9	8	10	12	9	8	1	0
332999	All Other Miscellaneous Fabricated Metal Product Manufacturing	Manufacturing	31-33	Fabricated Metal Product Manufacturing	332	Other Fabricated Metal Product Manufacturing	3329	Fabricate	Fabricated Metal	@headlessly/fabricate-fabricated-metal	100	9	8	10	12	9	8	1	0
333111	Farm Machinery and Equipment Manufacturing	Manufacturing	31-33	Machinery Manufacturing	333	Agriculture, Construction, and Mining Machinery Manufacturing	3331	Manufacture	Farm Machinery	@headlessly/manufacture-farm-machinery	100	8	6	10	12	10	8	1	1
333112	Lawn and Garden Tractor and Home Lawn and Garden Equipment Manufacturing	Manufacturing	31-33	Machinery Manufacturing	333	Agriculture, Construction, and Mining Machinery Manufacturing	3331	Manufacture	Lawn Garden Equipment	@headlessly/manufacture-lawn-garden-equipment	100	8	6	10	12	10	8	1	1
333120	Construction Machinery Manufacturing	Manufacturing	31-33	Machinery Manufacturing	333	Agriculture, Construction, and Mining Machinery Manufacturing	3331	Manufacture	Construction Machinery	@headlessly/manufacture-construction-machinery	100	8	6	10	12	10	8	1	1
333131	Mining Machinery and Equipment Manufacturing	Manufacturing	31-33	Machinery Manufacturing	333	Agriculture, Construction, and Mining Machinery Manufacturing	3331	Manufacture	Mining Machinery	@headlessly/manufacture-mining-machinery	100	8	6	10	12	10	8	1	1
333132	Oil and Gas Field Machinery and Equipment Manufacturing	Manufacturing	31-33	Machinery Manufacturing	333	Agriculture, Construction, and Mining Machinery Manufacturing	3331	Manufacture	Oil Gas Field Equipment	@headlessly/manufacture-oil-gas-field-equipment	100	8	6	10	12	10	8	1	1
333241	Food Product Machinery Manufacturing	Manufacturing	31-33	Machinery Manufacturing	333	Industrial Machinery Manufacturing	3332	Manufacture	Food Processing Machinery	@headlessly/manufacture-food-processing-machinery	100	8	6	10	12	10	8	1	1
333242	Semiconductor Machinery Manufacturing	Manufacturing	31-33	Machinery Manufacturing	333	Industrial Machinery Manufacturing	3332	Manufacture	Semiconductor Machinery	@headlessly/manufacture-semiconductor-machinery	100	8	6	10	12	10	8	1	1
333243	Sawmill, Woodworking, and Paper Machinery Manufacturing	Manufacturing	31-33	Machinery Manufacturing	333	Industrial Machinery Manufacturing	3332	Manufacture	Sawmill Woodworking Machinery	@headlessly/manufacture-sawmill-woodworking-machinery	100	8	6	10	12	10	8	1	1
333248	All Other Industrial Machinery Manufacturing	Manufacturing	31-33	Machinery Manufacturing	333	Industrial Machinery Manufacturing	3332	Manufacture	Industrial Machinery	@headlessly/manufacture-industrial-machinery	100	8	6	10	12	10	8	1	1
333310	Commercial and Service Industry Machinery Manufacturing	Manufacturing	31-33	Machinery Manufacturing	333	Commercial and Service Industry Machinery Manufacturing	3333	Manufacture	Commercial Service Machinery	@headlessly/manufacture-commercial-service-machinery	100	8	6	10	12	10	8	1	1
333413	Industrial and Commercial Fan and Blower and Air Purification Equipment Manufacturing	Manufacturing	31-33	Machinery Manufacturing	333	Ventilation, Heating, Air-Conditioning, and Commercial Refrigeration Equipment Manufacturing	3334	Manufacture	Industrial Fan Blower Equipment	@headlessly/manufacture-industrial-fan-blower-equipment	100	8	6	10	12	10	8	1	1
333414	Heating Equipment (except Warm Air Furnaces) Manufacturing	Manufacturing	31-33	Machinery Manufacturing	333	Ventilation, Heating, Air-Conditioning, and Commercial Refrigeration Equipment Manufacturing	3334	Manufacture	Heating Equipment	@headlessly/manufacture-heating-equipment	100	8	6	10	12	10	8	1	1
333415	Air-Conditioning and Warm Air Heating Equipment and Commercial and Industrial Refrigeration Equipment Manufacturing	Manufacturing	31-33	Machinery Manufacturing	333	Ventilation, Heating, Air-Conditioning, and Commercial Refrigeration Equipment Manufacturing	3334	Manufacture	HVAC Refrigeration Equipment	@headlessly/manufacture-h-v-a-c-refrigeration-equipment	100	8	6	10	12	10	8	1	1
333511	Industrial Mold Manufacturing	Manufacturing	31-33	Machinery Manufacturing	333	Metalworking Machinery Manufacturing	3335	Manufacture	Industrial Molds	@headlessly/manufacture-industrial-molds	100	8	6	10	12	10	8	1	1
333514	Special Die and Tool, Die Set, Jig, and Fixture Manufacturing	Manufacturing	31-33	Machinery Manufacturing	333	Metalworking Machinery Manufacturing	3335	Manufacture	Special Dies Tools	@headlessly/manufacture-special-dies-tools	100	8	6	10	12	10	8	1	1
333515	Cutting Tool and Machine Tool Accessory Manufacturing	Manufacturing	31-33	Machinery Manufacturing	333	Metalworking Machinery Manufacturing	3335	Manufacture	Cutting Tools	@headlessly/manufacture-cutting-tools	100	8	6	10	12	10	8	1	1
333517	Machine Tool Manufacturing	Manufacturing	31-33	Machinery Manufacturing	333	Metalworking Machinery Manufacturing	3335	Manufacture	Machine Tools	@headlessly/manufacture-machine-tools	100	8	6	10	12	10	8	1	1
333519	Rolling Mill and Other Metalworking Machinery Manufacturing	Manufacturing	31-33	Machinery Manufacturing	333	Metalworking Machinery Manufacturing	3335	Manufacture	Rolling Mill Machinery	@headlessly/manufacture-rolling-mill-machinery	100	8	6	10	12	10	8	1	1
333611	Turbine and Turbine Generator Set Units Manufacturing	Manufacturing	31-33	Machinery Manufacturing	333	Engine, Turbine, and Power Transmission Equipment Manufacturing	3336	Manufacture	Turbines Generators	@headlessly/manufacture-turbines-generators	100	8	6	10	12	10	8	1	1
333612	Speed Changer, Industrial High-Speed Drive, and Gear Manufacturing	Manufacturing	31-33	Machinery Manufacturing	333	Engine, Turbine, and Power Transmission Equipment Manufacturing	3336	Manufacture	Speed Changers Gears	@headlessly/manufacture-speed-changers-gears	100	8	6	10	12	10	8	1	1
333613	Mechanical Power Transmission Equipment Manufacturing	Manufacturing	31-33	Machinery Manufacturing	333	Engine, Turbine, and Power Transmission Equipment Manufacturing	3336	Manufacture	Power Transmission Equipment	@headlessly/manufacture-power-transmission-equipment	100	8	6	10	12	10	8	1	1
333618	Other Engine Equipment Manufacturing	Manufacturing	31-33	Machinery Manufacturing	333	Engine, Turbine, and Power Transmission Equipment Manufacturing	3336	Manufacture	Engine Equipment	@headlessly/manufacture-engine-equipment	100	8	6	10	12	10	8	1	1
333912	Air and Gas Compressor Manufacturing	Manufacturing	31-33	Machinery Manufacturing	333	Other General Purpose Machinery Manufacturing	3339	Manufacture	Compressors	@headlessly/manufacture-compressors	100	8	6	10	12	10	8	1	1
333914	Measuring, Dispensing, and Other Pumping Equipment Manufacturing	Manufacturing	31-33	Machinery Manufacturing	333	Other General Purpose Machinery Manufacturing	3339	Manufacture	Pumps Dispensing Equipment	@headlessly/manufacture-pumps-dispensing-equipment	100	8	6	10	12	10	8	1	1
333921	Elevator and Moving Stairway Manufacturing	Manufacturing	31-33	Machinery Manufacturing	333	Other General Purpose Machinery Manufacturing	3339	Manufacture	Elevators Escalators	@headlessly/manufacture-elevators-escalators	100	8	6	10	12	10	8	1	1
333922	Conveyor and Conveying Equipment Manufacturing	Manufacturing	31-33	Machinery Manufacturing	333	Other General Purpose Machinery Manufacturing	3339	Manufacture	Conveyors	@headlessly/manufacture-conveyors	100	8	6	10	12	10	8	1	1
333923	Overhead Traveling Crane, Hoist, and Monorail System Manufacturing	Manufacturing	31-33	Machinery Manufacturing	333	Other General Purpose Machinery Manufacturing	3339	Manufacture	Cranes Hoists	@headlessly/manufacture-cranes-hoists	100	8	6	10	12	10	8	1	1
333924	Industrial Truck, Tractor, Trailer, and Stacker Machinery Manufacturing	Manufacturing	31-33	Machinery Manufacturing	333	Other General Purpose Machinery Manufacturing	3339	Manufacture	Forklifts	@headlessly/manufacture-forklifts	100	8	6	10	12	10	8	1	1
333991	Power-Driven Handtool Manufacturing	Manufacturing	31-33	Machinery Manufacturing	333	Other General Purpose Machinery Manufacturing	3339	Manufacture	Power Tools	@headlessly/manufacture-power-tools	100	8	6	10	12	10	8	1	1
333992	Welding and Soldering Equipment Manufacturing	Manufacturing	31-33	Machinery Manufacturing	333	Other General Purpose Machinery Manufacturing	3339	Manufacture	Welding Equipment	@headlessly/manufacture-welding-equipment	100	8	6	10	12	10	8	1	1
333993	Packaging Machinery Manufacturing	Manufacturing	31-33	Machinery Manufacturing	333	Other General Purpose Machinery Manufacturing	3339	Manufacture	Packaging Machinery	@headlessly/manufacture-packaging-machinery	100	8	6	10	12	10	8	1	1
333994	Industrial Process Furnace and Oven Manufacturing	Manufacturing	31-33	Machinery Manufacturing	333	Other General Purpose Machinery Manufacturing	3339	Manufacture	Industrial Furnaces	@headlessly/manufacture-industrial-furnaces	100	8	6	10	12	10	8	1	1
333995	Fluid Power Cylinder and Actuator Manufacturing	Manufacturing	31-33	Machinery Manufacturing	333	Other General Purpose Machinery Manufacturing	3339	Manufacture	Hydraulic Cylinders	@headlessly/manufacture-hydraulic-cylinders	100	8	6	10	12	10	8	1	1
333996	Fluid Power Pump and Motor Manufacturing	Manufacturing	31-33	Machinery Manufacturing	333	Other General Purpose Machinery Manufacturing	3339	Manufacture	Hydraulic Pumps	@headlessly/manufacture-hydraulic-pumps	100	8	6	10	12	10	8	1	1
333998	All Other Miscellaneous General Purpose Machinery Manufacturing	Manufacturing	31-33	Machinery Manufacturing	333	Other General Purpose Machinery Manufacturing	3339	Manufacture	General Machinery	@headlessly/manufacture-general-machinery	100	8	6	10	12	10	8	1	1
334111	Electronic Computer Manufacturing	Manufacturing	31-33	Computer and Electronic Product Manufacturing	334	Computer and Peripheral Equipment Manufacturing	3341	Manufacture	Electronic Computer	@headlessly/manufacture-electronic-computer	100	9	8	10	12	12	7	1	0
334112	Computer Storage Device Manufacturing	Manufacturing	31-33	Computer and Electronic Product Manufacturing	334	Computer and Peripheral Equipment Manufacturing	3341	Manufacture	Computer Storage	@headlessly/manufacture-computer-storage	100	9	8	10	12	12	7	1	0
334118	Computer Terminal and Other Computer Peripheral Equipment Manufacturing	Manufacturing	31-33	Computer and Electronic Product Manufacturing	334	Computer and Peripheral Equipment Manufacturing	3341	Manufacture	Computer Terminal	@headlessly/manufacture-computer-terminal	100	9	8	10	12	12	7	1	0
334210	Telephone Apparatus Manufacturing	Manufacturing	31-33	Computer and Electronic Product Manufacturing	334	Communications Equipment Manufacturing	3342	Manufacture	Telephone Apparatus	@headlessly/manufacture-telephone-apparatus	100	9	8	10	12	12	7	1	0
334220	Radio and Television Broadcasting and Wireless Communications Equipment Manufacturing	Manufacturing	31-33	Computer and Electronic Product Manufacturing	334	Communications Equipment Manufacturing	3342	Manufacture	Radio Television	@headlessly/manufacture-radio-television	100	9	8	10	12	12	7	1	0
334290	Other Communications Equipment Manufacturing	Manufacturing	31-33	Computer and Electronic Product Manufacturing	334	Communications Equipment Manufacturing	3342	Manufacture	Communications Equipment	@headlessly/manufacture-communications-equipment	100	9	8	10	12	12	7	1	0
334310	Audio and Video Equipment Manufacturing	Manufacturing	31-33	Computer and Electronic Product Manufacturing	334	Audio and Video Equipment Manufacturing	3343	Manufacture	Audio Video	@headlessly/manufacture-audio-video	100	9	8	10	12	12	7	1	0
334412	Bare Printed Circuit Board Manufacturing	Manufacturing	31-33	Computer and Electronic Product Manufacturing	334	Semiconductor and Other Electronic Component Manufacturing	3344	Fabricate	Bare Printed	@headlessly/fabricate-bare-printed	100	9	8	10	12	12	7	1	0
334413	Semiconductor and Related Device Manufacturing	Manufacturing	31-33	Computer and Electronic Product Manufacturing	334	Semiconductor and Other Electronic Component Manufacturing	3344	Fabricate	Semiconductor	@headlessly/fabricate-semiconductor	100	9	8	10	12	12	7	1	0
334416	Capacitor, Resistor, Coil, Transformer, and Other Inductor Manufacturing	Manufacturing	31-33	Computer and Electronic Product Manufacturing	334	Semiconductor and Other Electronic Component Manufacturing	3344	Fabricate	Capacitor	@headlessly/fabricate-capacitor	100	9	8	10	12	12	7	1	0
334417	Electronic Connector Manufacturing	Manufacturing	31-33	Computer and Electronic Product Manufacturing	334	Semiconductor and Other Electronic Component Manufacturing	3344	Fabricate	Electronic Connector	@headlessly/fabricate-electronic-connector	100	9	8	10	12	12	7	1	0
334418	Printed Circuit Assembly (Electronic Assembly) Manufacturing	Manufacturing	31-33	Computer and Electronic Product Manufacturing	334	Semiconductor and Other Electronic Component Manufacturing	3344	Fabricate	Printed Circuit	@headlessly/fabricate-printed-circuit	100	9	8	10	12	12	7	1	0
334419	Other Electronic Component Manufacturing	Manufacturing	31-33	Computer and Electronic Product Manufacturing	334	Semiconductor and Other Electronic Component Manufacturing	3344	Fabricate	Electronic Component	@headlessly/fabricate-electronic-component	100	9	8	10	12	12	7	1	0
334510	Electromedical and Electrotherapeutic Apparatus Manufacturing	Manufacturing	31-33	Computer and Electronic Product Manufacturing	334	Navigational, Measuring, Electromedical, and Control Instruments Manufacturing	3345	Manufacture	Electromedical Electrotherapeutic	@headlessly/manufacture-electromedical-electrotherapeutic	100	9	8	10	12	12	7	1	0
334511	Search, Detection, Navigation, Guidance, Aeronautical, and Nautical System and Instrument Manufacturing	Manufacturing	31-33	Computer and Electronic Product Manufacturing	334	Navigational, Measuring, Electromedical, and Control Instruments Manufacturing	3345	Manufacture	Search	@headlessly/manufacture-search	100	9	8	10	12	12	7	1	0
334512	Automatic Environmental Control Manufacturing for Residential, Commercial, and Appliance Use	Manufacturing	31-33	Computer and Electronic Product Manufacturing	334	Navigational, Measuring, Electromedical, and Control Instruments Manufacturing	3345	Manufacture	Automatic Environmental	@headlessly/manufacture-automatic-environmental	100	9	8	10	12	12	7	1	0
334513	Instruments and Related Products Manufacturing for Measuring, Displaying, and Controlling Industrial Process Variables	Manufacturing	31-33	Computer and Electronic Product Manufacturing	334	Navigational, Measuring, Electromedical, and Control Instruments Manufacturing	3345	Manufacture	Instruments	@headlessly/manufacture-instruments	100	9	8	10	12	12	7	1	0
334514	Totalizing Fluid Meter and Counting Device Manufacturing	Manufacturing	31-33	Computer and Electronic Product Manufacturing	334	Navigational, Measuring, Electromedical, and Control Instruments Manufacturing	3345	Manufacture	Totalizing Fluid	@headlessly/manufacture-totalizing-fluid	100	9	8	10	12	12	7	1	0
334515	Instrument Manufacturing for Measuring and Testing Electricity and Electrical Signals	Manufacturing	31-33	Computer and Electronic Product Manufacturing	334	Navigational, Measuring, Electromedical, and Control Instruments Manufacturing	3345	Manufacture	Instrument Manufacturing	@headlessly/manufacture-instrument-manufacturing	100	9	8	10	12	12	7	1	0
334516	Analytical Laboratory Instrument Manufacturing	Manufacturing	31-33	Computer and Electronic Product Manufacturing	334	Navigational, Measuring, Electromedical, and Control Instruments Manufacturing	3345	Manufacture	Analytical Laboratory	@headlessly/manufacture-analytical-laboratory	100	9	8	10	12	12	7	1	0
334517	Irradiation Apparatus Manufacturing	Manufacturing	31-33	Computer and Electronic Product Manufacturing	334	Navigational, Measuring, Electromedical, and Control Instruments Manufacturing	3345	Manufacture	Irradiation Apparatus	@headlessly/manufacture-irradiation-apparatus	100	9	8	10	12	12	7	1	0
334519	Other Measuring and Controlling Device Manufacturing	Manufacturing	31-33	Computer and Electronic Product Manufacturing	334	Navigational, Measuring, Electromedical, and Control Instruments Manufacturing	3345	Manufacture	Measuring Controlling	@headlessly/manufacture-measuring-controlling	100	9	8	10	12	12	7	1	0
334610	Manufacturing and Reproducing Magnetic and Optical Media	Manufacturing	31-33	Computer and Electronic Product Manufacturing	334	Manufacturing and Reproducing Magnetic and Optical Media	3346	Manufacture	Manufacturing Reproducing	@headlessly/manufacture-manufacturing-reproducing	100	9	8	10	12	12	7	1	0
335131	Residential Electric Lighting Fixture Manufacturing	Manufacturing	31-33	Electrical Equipment, Appliance, and Component Manufacturing	335	Electric Lighting Equipment Manufacturing	3351	Manufacture	Residential Electric	@headlessly/manufacture-residential-electric	100	10	7	10	14	12	8	1	0
335132	Commercial, Industrial, and Institutional Electric Lighting Fixture Manufacturing	Manufacturing	31-33	Electrical Equipment, Appliance, and Component Manufacturing	335	Electric Lighting Equipment Manufacturing	3351	Manufacture	Commercial	@headlessly/manufacture-commercial	100	10	7	10	14	12	8	1	0
335139	Electric Lamp Bulb and Other Lighting Equipment Manufacturing	Manufacturing	31-33	Electrical Equipment, Appliance, and Component Manufacturing	335	Electric Lighting Equipment Manufacturing	3351	Manufacture	Electric Lamp	@headlessly/manufacture-electric-lamp	100	10	7	10	14	12	8	1	0
335210	Small Electrical Appliance Manufacturing	Manufacturing	31-33	Electrical Equipment, Appliance, and Component Manufacturing	335	Household Appliance Manufacturing	3352	Manufacture	Small Electrical	@headlessly/manufacture-small-electrical	100	10	7	10	14	14	8	1	0
335220	Major Household Appliance Manufacturing	Manufacturing	31-33	Electrical Equipment, Appliance, and Component Manufacturing	335	Household Appliance Manufacturing	3352	Manufacture	Major Household	@headlessly/manufacture-major-household	100	10	7	10	14	14	8	1	0
335311	Power, Distribution, and Specialty Transformer Manufacturing	Manufacturing	31-33	Electrical Equipment, Appliance, and Component Manufacturing	335	Electrical Equipment Manufacturing	3353	Manufacture	Power	@headlessly/manufacture-power	100	10	7	10	14	14	8	1	0
335312	Motor and Generator Manufacturing	Manufacturing	31-33	Electrical Equipment, Appliance, and Component Manufacturing	335	Electrical Equipment Manufacturing	3353	Manufacture	Motor Generator	@headlessly/manufacture-motor-generator	100	10	7	10	14	14	8	1	0
335313	Switchgear and Switchboard Apparatus Manufacturing	Manufacturing	31-33	Electrical Equipment, Appliance, and Component Manufacturing	335	Electrical Equipment Manufacturing	3353	Manufacture	Switchgear Switchboard	@headlessly/manufacture-switchgear-switchboard	100	10	7	10	14	14	8	1	0
335314	Relay and Industrial Control Manufacturing	Manufacturing	31-33	Electrical Equipment, Appliance, and Component Manufacturing	335	Electrical Equipment Manufacturing	3353	Manufacture	Relay Industrial	@headlessly/manufacture-relay-industrial	100	10	7	10	14	13	8	1	0
335910	Battery Manufacturing	Manufacturing	31-33	Electrical Equipment, Appliance, and Component Manufacturing	335	Other Electrical Equipment and Component Manufacturing	3359	Manufacture	Battery	@headlessly/manufacture-battery	100	10	7	10	14	14	8	1	0
335921	Fiber Optic Cable Manufacturing	Manufacturing	31-33	Electrical Equipment, Appliance, and Component Manufacturing	335	Other Electrical Equipment and Component Manufacturing	3359	Manufacture	Fiber Optic	@headlessly/manufacture-fiber-optic	100	10	7	10	14	13	8	1	0
335929	Other Communication and Energy Wire Manufacturing	Manufacturing	31-33	Electrical Equipment, Appliance, and Component Manufacturing	335	Other Electrical Equipment and Component Manufacturing	3359	Manufacture	Communication Energy	@headlessly/manufacture-communication-energy	100	10	7	10	14	14	8	1	0
335931	Current-Carrying Wiring Device Manufacturing	Manufacturing	31-33	Electrical Equipment, Appliance, and Component Manufacturing	335	Other Electrical Equipment and Component Manufacturing	3359	Manufacture	Current-Carrying Wiring	@headlessly/manufacture-current-carrying-wiring	100	10	7	10	14	13	8	1	0
335932	Noncurrent-Carrying Wiring Device Manufacturing	Manufacturing	31-33	Electrical Equipment, Appliance, and Component Manufacturing	335	Other Electrical Equipment and Component Manufacturing	3359	Manufacture	Noncurrent-Carrying Wiring	@headlessly/manufacture-noncurrent-carrying-wiring	100	10	7	10	14	13	8	1	0
335991	Carbon and Graphite Product Manufacturing	Manufacturing	31-33	Electrical Equipment, Appliance, and Component Manufacturing	335	Other Electrical Equipment and Component Manufacturing	3359	Manufacture	Carbon Graphite	@headlessly/manufacture-carbon-graphite	100	10	7	10	14	13	8	1	0
335999	All Other Miscellaneous Electrical Equipment and Component Manufacturing	Manufacturing	31-33	Electrical Equipment, Appliance, and Component Manufacturing	335	Other Electrical Equipment and Component Manufacturing	3359	Manufacture	Electrical Equipment	@headlessly/manufacture-electrical-equipment	100	10	7	10	14	14	8	1	0
336110	Automobile and Light Duty Motor Vehicle Manufacturing	Manufacturing	31-33	Transportation Equipment Manufacturing	336	Motor Vehicle Manufacturing	3361	Manufacture	Automobile Light	@headlessly/manufacture-automobile-light	100	9	8	10	12	11	7	1	0
336120	Heavy Duty Truck Manufacturing	Manufacturing	31-33	Transportation Equipment Manufacturing	336	Motor Vehicle Manufacturing	3361	Manufacture	Heavy Duty	@headlessly/manufacture-heavy-duty	100	9	8	10	11	11	7	1	0
336211	Motor Vehicle Body Manufacturing	Manufacturing	31-33	Transportation Equipment Manufacturing	336	Motor Vehicle Body and Trailer Manufacturing	3362	Manufacture	Motor Vehicle	@headlessly/manufacture-motor-vehicle	100	9	8	10	11	11	7	1	0
336212	Truck Trailer Manufacturing	Manufacturing	31-33	Transportation Equipment Manufacturing	336	Motor Vehicle Body and Trailer Manufacturing	3362	Manufacture	Truck Trailer	@headlessly/manufacture-truck-trailer	100	9	8	10	11	11	7	1	0
336213	Motor Home Manufacturing	Manufacturing	31-33	Transportation Equipment Manufacturing	336	Motor Vehicle Body and Trailer Manufacturing	3362	Manufacture	Motor Home	@headlessly/manufacture-motor-home	100	9	8	10	11	11	7	1	0
336214	Travel Trailer and Camper Manufacturing	Manufacturing	31-33	Transportation Equipment Manufacturing	336	Motor Vehicle Body and Trailer Manufacturing	3362	Manufacture	Travel Trailer	@headlessly/manufacture-travel-trailer	100	9	8	10	12	12	7	1	0
336310	Motor Vehicle Gasoline Engine and Engine Parts Manufacturing	Manufacturing	31-33	Transportation Equipment Manufacturing	336	Motor Vehicle Parts Manufacturing	3363	Manufacture	Motor Vehicle	@headlessly/manufacture-motor-vehicle	100	9	8	10	11	11	7	1	0
336320	Motor Vehicle Electrical and Electronic Equipment Manufacturing	Manufacturing	31-33	Transportation Equipment Manufacturing	336	Motor Vehicle Parts Manufacturing	3363	Manufacture	Motor Vehicle	@headlessly/manufacture-motor-vehicle	100	9	8	10	11	11	7	1	0
336330	Motor Vehicle Steering and Suspension Components (except Spring) Manufacturing	Manufacturing	31-33	Transportation Equipment Manufacturing	336	Motor Vehicle Parts Manufacturing	3363	Manufacture	Motor Vehicle	@headlessly/manufacture-motor-vehicle	100	9	8	10	11	11	7	1	0
336340	Motor Vehicle Brake System Manufacturing	Manufacturing	31-33	Transportation Equipment Manufacturing	336	Motor Vehicle Parts Manufacturing	3363	Manufacture	Motor Vehicle	@headlessly/manufacture-motor-vehicle	100	9	8	10	11	11	7	1	0
336350	Motor Vehicle Transmission and Power Train Parts Manufacturing	Manufacturing	31-33	Transportation Equipment Manufacturing	336	Motor Vehicle Parts Manufacturing	3363	Manufacture	Motor Vehicle	@headlessly/manufacture-motor-vehicle	100	9	8	10	11	11	7	1	0
336360	Motor Vehicle Seating and Interior Trim Manufacturing	Manufacturing	31-33	Transportation Equipment Manufacturing	336	Motor Vehicle Parts Manufacturing	3363	Manufacture	Motor Vehicle	@headlessly/manufacture-motor-vehicle	100	9	8	10	11	11	7	1	0
336370	Motor Vehicle Metal Stamping	Manufacturing	31-33	Transportation Equipment Manufacturing	336	Motor Vehicle Parts Manufacturing	3363	Manufacture	Motor Vehicle	@headlessly/manufacture-motor-vehicle	100	9	8	10	11	11	7	1	0
336390	Other Motor Vehicle Parts Manufacturing	Manufacturing	31-33	Transportation Equipment Manufacturing	336	Motor Vehicle Parts Manufacturing	3363	Manufacture	Motor Vehicle	@headlessly/manufacture-motor-vehicle	100	9	8	10	11	11	7	1	0
336411	Aircraft Manufacturing	Manufacturing	31-33	Transportation Equipment Manufacturing	336	Aerospace Product and Parts Manufacturing	3364	Manufacture	Aircraft	@headlessly/manufacture-aircraft	100	9	8	10	11	11	7	1	0
336412	Aircraft Engine and Engine Parts Manufacturing	Manufacturing	31-33	Transportation Equipment Manufacturing	336	Aerospace Product and Parts Manufacturing	3364	Manufacture	Aircraft Engine	@headlessly/manufacture-aircraft-engine	100	9	8	10	10	10	7	1	0
336413	Other Aircraft Parts and Auxiliary Equipment Manufacturing	Manufacturing	31-33	Transportation Equipment Manufacturing	336	Aerospace Product and Parts Manufacturing	3364	Manufacture	Aircraft Parts	@headlessly/manufacture-aircraft-parts	100	9	8	10	10	10	7	1	0
336414	Guided Missile and Space Vehicle Manufacturing	Manufacturing	31-33	Transportation Equipment Manufacturing	336	Aerospace Product and Parts Manufacturing	3364	Manufacture	Guided Missile	@headlessly/manufacture-guided-missile	100	9	8	10	10	10	7	1	0
336415	Guided Missile and Space Vehicle Propulsion Unit and Propulsion Unit Parts Manufacturing	Manufacturing	31-33	Transportation Equipment Manufacturing	336	Aerospace Product and Parts Manufacturing	3364	Manufacture	Guided Missile	@headlessly/manufacture-guided-missile	100	9	8	10	10	10	7	1	0
336419	Other Guided Missile and Space Vehicle Parts and Auxiliary Equipment Manufacturing	Manufacturing	31-33	Transportation Equipment Manufacturing	336	Aerospace Product and Parts Manufacturing	3364	Manufacture	Guided Missile	@headlessly/manufacture-guided-missile	100	9	8	10	10	10	7	1	0
336510	Railroad Rolling Stock Manufacturing	Manufacturing	31-33	Transportation Equipment Manufacturing	336	Railroad Rolling Stock Manufacturing	3365	Manufacture	Railroad Rolling	@headlessly/manufacture-railroad-rolling	100	9	8	10	11	11	7	1	0
336611	Ship Building and Repairing	Manufacturing	31-33	Transportation Equipment Manufacturing	336	Ship and Boat Building	3366	Build	Ship Building	@headlessly/build-ship-building	100	9	8	10	11	11	7	1	0
336612	Boat Building	Manufacturing	31-33	Transportation Equipment Manufacturing	336	Ship and Boat Building	3366	Build	Boat Building	@headlessly/build-boat-building	100	9	8	10	11	11	7	1	0
336991	Motorcycle, Bicycle, and Parts Manufacturing	Manufacturing	31-33	Transportation Equipment Manufacturing	336	Other Transportation Equipment Manufacturing	3369	Manufacture	Motorcycle	@headlessly/manufacture-motorcycle	100	9	8	10	11	11	7	1	0
336992	Military Armored Vehicle, Tank, and Tank Component Manufacturing	Manufacturing	31-33	Transportation Equipment Manufacturing	336	Other Transportation Equipment Manufacturing	3369	Manufacture	Military Armored	@headlessly/manufacture-military-armored	100	9	8	10	11	11	7	1	0
336999	All Other Transportation Equipment Manufacturing	Manufacturing	31-33	Transportation Equipment Manufacturing	336	Other Transportation Equipment Manufacturing	3369	Manufacture	Transportation Equipment	@headlessly/manufacture-transportation-equipment	100	9	8	10	11	11	7	1	0
337110	Wood Kitchen Cabinet and Countertop Manufacturing	Manufacturing	31-33	Furniture and Related Product Manufacturing	337	Household and Institutional Furniture and Kitchen Cabinet Manufacturing	3371	Manufacture	Wood Kitchen Cabinet	@headlessly/manufacture-wood-kitchen-cabinet	100	9	7	9	12	11	7	1	0
337121	Upholstered Household Furniture Manufacturing	Manufacturing	31-33	Furniture and Related Product Manufacturing	337	Household and Institutional Furniture and Kitchen Cabinet Manufacturing	3371	Manufacture	Upholstered Furniture	@headlessly/manufacture-upholstered-furniture	100	9	7	9	11	10	7	1	0
337122	Nonupholstered Wood Household Furniture Manufacturing	Manufacturing	31-33	Furniture and Related Product Manufacturing	337	Household and Institutional Furniture and Kitchen Cabinet Manufacturing	3371	Manufacture	Wood Furniture	@headlessly/manufacture-wood-furniture	100	9	8	9	12	10	7	1	0
337126	Household Furniture (except Wood and Upholstered) Manufacturing	Manufacturing	31-33	Furniture and Related Product Manufacturing	337	Household and Institutional Furniture and Kitchen Cabinet Manufacturing	3371	Manufacture	Metal Furniture	@headlessly/manufacture-metal-furniture	100	9	8	9	12	11	7	1	0
337127	Institutional Furniture Manufacturing	Manufacturing	31-33	Furniture and Related Product Manufacturing	337	Household and Institutional Furniture and Kitchen Cabinet Manufacturing	3371	Manufacture	Institutional Furniture	@headlessly/manufacture-institutional-furniture	100	10	8	9	12	12	7	1	0
337211	Wood Office Furniture Manufacturing	Manufacturing	31-33	Furniture and Related Product Manufacturing	337	Office Furniture (including Fixtures) Manufacturing	3372	Manufacture	Wood Office Furniture	@headlessly/manufacture-wood-office-furniture	100	9	8	9	12	10	7	1	0
337212	Custom Architectural Woodwork and Millwork Manufacturing	Manufacturing	31-33	Furniture and Related Product Manufacturing	337	Office Furniture (including Fixtures) Manufacturing	3372	Manufacture	Custom Millwork	@headlessly/manufacture-custom-millwork	100	9	8	9	12	11	7	1	0
337214	Office Furniture (except Wood) Manufacturing	Manufacturing	31-33	Furniture and Related Product Manufacturing	337	Office Furniture (including Fixtures) Manufacturing	3372	Manufacture	Metal Office Furniture	@headlessly/manufacture-metal-office-furniture	100	9	8	9	12	11	7	1	0
337215	Showcase, Partition, Shelving, and Locker Manufacturing	Manufacturing	31-33	Furniture and Related Product Manufacturing	337	Office Furniture (including Fixtures) Manufacturing	3372	Manufacture	Store Fixtures	@headlessly/manufacture-store-fixtures	100	9	8	9	12	11	7	1	0
337910	Mattress Manufacturing	Manufacturing	31-33	Furniture and Related Product Manufacturing	337	Other Furniture Related Product Manufacturing	3379	Manufacture	Mattress	@headlessly/manufacture-mattress	100	9	8	9	12	11	7	1	0
337920	Blind and Shade Manufacturing	Manufacturing	31-33	Furniture and Related Product Manufacturing	337	Other Furniture Related Product Manufacturing	3379	Manufacture	Window Covering	@headlessly/manufacture-window-covering	100	9	8	9	12	10	7	1	0
339112	Surgical and Medical Instrument Manufacturing	Manufacturing	31-33	Miscellaneous Manufacturing	339	Medical Equipment and Supplies Manufacturing	3391	Manufacture	Surgical Instrument	@headlessly/manufacture-surgical-instrument	100	9	8	9	12	11	7	1	0
339113	Surgical Appliance and Supplies Manufacturing	Manufacturing	31-33	Miscellaneous Manufacturing	339	Medical Equipment and Supplies Manufacturing	3391	Manufacture	Surgical Appliance	@headlessly/manufacture-surgical-appliance	100	9	8	9	12	10	7	1	0
339114	Dental Equipment and Supplies Manufacturing	Manufacturing	31-33	Miscellaneous Manufacturing	339	Medical Equipment and Supplies Manufacturing	3391	Manufacture	Dental Equipment	@headlessly/manufacture-dental-equipment	100	9	8	9	12	10	7	1	0
339115	Ophthalmic Goods Manufacturing	Manufacturing	31-33	Miscellaneous Manufacturing	339	Medical Equipment and Supplies Manufacturing	3391	Manufacture	Ophthalmic Goods	@headlessly/manufacture-ophthalmic-goods	100	9	8	9	12	11	7	1	0
339116	Dental Laboratories	Manufacturing	31-33	Miscellaneous Manufacturing	339	Medical Equipment and Supplies Manufacturing	3391	Manufacture	Dental Prosthetic	@headlessly/manufacture-dental-prosthetic	100	9	9	10	12	12	7	1	0
339910	Jewelry and Silverware Manufacturing	Manufacturing	31-33	Miscellaneous Manufacturing	339	Other Miscellaneous Manufacturing	3399	Manufacture	Jewelry	@headlessly/manufacture-jewelry	100	9	8	9	12	11	7	1	0
339920	Sporting and Athletic Goods Manufacturing	Manufacturing	31-33	Miscellaneous Manufacturing	339	Other Miscellaneous Manufacturing	3399	Manufacture	Sporting Goods	@headlessly/manufacture-sporting-goods	100	9	8	9	12	11	7	1	0
339930	Doll, Toy, and Game Manufacturing	Manufacturing	31-33	Miscellaneous Manufacturing	339	Other Miscellaneous Manufacturing	3399	Manufacture	Toy	@headlessly/manufacture-toy	100	9	9	9	12	11	7	1	0
339940	Office Supplies (except Paper) Manufacturing	Manufacturing	31-33	Miscellaneous Manufacturing	339	Other Miscellaneous Manufacturing	3399	Manufacture	Office Supplies	@headlessly/manufacture-office-supplies	100	9	8	9	12	11	7	1	0
339950	Sign Manufacturing	Manufacturing	31-33	Miscellaneous Manufacturing	339	Other Miscellaneous Manufacturing	3399	Manufacture	Sign	@headlessly/manufacture-sign	100	9	8	9	12	12	7	1	0
339991	Gasket, Packing, and Sealing Device Manufacturing	Manufacturing	31-33	Miscellaneous Manufacturing	339	Other Miscellaneous Manufacturing	3399	Manufacture	Gasket	@headlessly/manufacture-gasket	100	9	8	9	12	11	7	1	0
339992	Musical Instrument Manufacturing	Manufacturing	31-33	Miscellaneous Manufacturing	339	Other Miscellaneous Manufacturing	3399	Manufacture	Musical Instrument	@headlessly/manufacture-musical-instrument	100	9	8	9	12	11	7	1	0
339993	Fastener, Button, Needle, and Pin Manufacturing	Manufacturing	31-33	Miscellaneous Manufacturing	339	Other Miscellaneous Manufacturing	3399	Manufacture	Fastener	@headlessly/manufacture-fastener	100	8	8	9	12	11	7	1	0
339994	Broom, Brush, and Mop Manufacturing	Manufacturing	31-33	Miscellaneous Manufacturing	339	Other Miscellaneous Manufacturing	3399	Manufacture	Cleaning Tool	@headlessly/manufacture-cleaning-tool	100	9	8	9	12	11	7	1	0
339995	Burial Casket Manufacturing	Manufacturing	31-33	Miscellaneous Manufacturing	339	Other Miscellaneous Manufacturing	3399	Manufacture	Burial Casket	@headlessly/manufacture-burial-casket	100	9	8	9	12	11	7	1	0
339999	All Other Miscellaneous Manufacturing	Manufacturing	31-33	Miscellaneous Manufacturing	339	Other Miscellaneous Manufacturing	3399	Manufacture	Specialty Product	@headlessly/manufacture-specialty-product	100	9	8	9	12	11	7	1	0
423110	Automobile and Other Motor Vehicle Merchant Wholesalers	Wholesale Trade	42	Merchant Wholesalers, Durable Goods	423	Motor Vehicle and Motor Vehicle Parts and Supplies Merchant Wholesalers	4231	Wholesale	Automobile	@headlessly/wholesale-automobile	100	9	5	10	14	13	7	1	1
423120	Motor Vehicle Supplies and New Parts Merchant Wholesalers	Wholesale Trade	42	Merchant Wholesalers, Durable Goods	423	Motor Vehicle and Motor Vehicle Parts and Supplies Merchant Wholesalers	4231	Wholesale	Motor Vehicle	@headlessly/wholesale-motor-vehicle	100	8	5	11	14	13	7	1	1
423130	Tire and Tube Merchant Wholesalers	Wholesale Trade	42	Merchant Wholesalers, Durable Goods	423	Motor Vehicle and Motor Vehicle Parts and Supplies Merchant Wholesalers	4231	Wholesale	Tire Tube	@headlessly/wholesale-tire-tube	100	8	5	11	14	12	7	1	1
423140	Motor Vehicle Parts (Used) Merchant Wholesalers	Wholesale Trade	42	Merchant Wholesalers, Durable Goods	423	Motor Vehicle and Motor Vehicle Parts and Supplies Merchant Wholesalers	4231	Wholesale	Motor Vehicle	@headlessly/wholesale-motor-vehicle	100	9	6	11	14	13	7	1	1
423210	Furniture Merchant Wholesalers	Wholesale Trade	42	Merchant Wholesalers, Durable Goods	423	Furniture and Home Furnishing Merchant Wholesalers	4232	Wholesale	Furniture	@headlessly/wholesale-furniture	100	8	5	11	14	12	7	1	1
423220	Home Furnishing Merchant Wholesalers	Wholesale Trade	42	Merchant Wholesalers, Durable Goods	423	Furniture and Home Furnishing Merchant Wholesalers	4232	Wholesale	Home Furnishing	@headlessly/wholesale-home-furnishing	100	8	5	11	14	12	7	1	1
423310	Lumber, Plywood, Millwork, and Wood Panel Merchant Wholesalers	Wholesale Trade	42	Merchant Wholesalers, Durable Goods	423	Lumber and Other Construction Materials Merchant Wholesalers	4233	Wholesale	Lumber	@headlessly/wholesale-lumber	100	8	5	11	14	12	7	1	1
423320	Brick, Stone, and Related Construction Material Merchant Wholesalers	Wholesale Trade	42	Merchant Wholesalers, Durable Goods	423	Lumber and Other Construction Materials Merchant Wholesalers	4233	Wholesale	Brick	@headlessly/wholesale-brick	100	8	5	11	14	11	7	1	1
423330	Roofing, Siding, and Insulation Material Merchant Wholesalers	Wholesale Trade	42	Merchant Wholesalers, Durable Goods	423	Lumber and Other Construction Materials Merchant Wholesalers	4233	Wholesale	Roofing	@headlessly/wholesale-roofing	100	8	5	11	14	12	7	1	1
423390	Other Construction Material Merchant Wholesalers	Wholesale Trade	42	Merchant Wholesalers, Durable Goods	423	Lumber and Other Construction Materials Merchant Wholesalers	4233	Wholesale	Construction Material	@headlessly/wholesale-construction-material	100	8	5	11	14	12	7	1	1
423410	Photographic Equipment and Supplies Merchant Wholesalers	Wholesale Trade	42	Merchant Wholesalers, Durable Goods	423	Professional and Commercial Equipment and Supplies Merchant Wholesalers	4234	Wholesale	Photographic Equipment	@headlessly/wholesale-photographic-equipment	100	8	5	11	14	12	7	1	1
423420	Office Equipment Merchant Wholesalers	Wholesale Trade	42	Merchant Wholesalers, Durable Goods	423	Professional and Commercial Equipment and Supplies Merchant Wholesalers	4234	Wholesale	Office Equipment	@headlessly/wholesale-office-equipment	100	8	5	11	14	12	7	1	1
423430	Computer and Computer Peripheral Equipment and Software Merchant Wholesalers	Wholesale Trade	42	Merchant Wholesalers, Durable Goods	423	Professional and Commercial Equipment and Supplies Merchant Wholesalers	4234	Wholesale	Computer Computer	@headlessly/wholesale-computer-computer	100	8	5	11	14	12	7	1	1
423440	Other Commercial Equipment Merchant Wholesalers	Wholesale Trade	42	Merchant Wholesalers, Durable Goods	423	Professional and Commercial Equipment and Supplies Merchant Wholesalers	4234	Wholesale	Commercial Equipment	@headlessly/wholesale-commercial-equipment	100	8	5	11	14	12	7	1	1
423450	Medical, Dental, and Hospital Equipment and Supplies Merchant Wholesalers	Wholesale Trade	42	Merchant Wholesalers, Durable Goods	423	Professional and Commercial Equipment and Supplies Merchant Wholesalers	4234	Wholesale	Medical	@headlessly/wholesale-medical	100	8	5	11	14	12	7	1	1
423460	Ophthalmic Goods Merchant Wholesalers	Wholesale Trade	42	Merchant Wholesalers, Durable Goods	423	Professional and Commercial Equipment and Supplies Merchant Wholesalers	4234	Wholesale	Ophthalmic Goods	@headlessly/wholesale-ophthalmic-goods	100	8	5	11	14	12	7	1	1
423490	Other Professional Equipment and Supplies Merchant Wholesalers	Wholesale Trade	42	Merchant Wholesalers, Durable Goods	423	Professional and Commercial Equipment and Supplies Merchant Wholesalers	4234	Wholesale	Professional Equipment	@headlessly/wholesale-professional-equipment	100	8	5	11	14	12	7	1	1
423510	Metal Service Centers and Other Metal Merchant Wholesalers	Wholesale Trade	42	Merchant Wholesalers, Durable Goods	423	Metal and Mineral (except Petroleum) Merchant Wholesalers	4235	Wholesale	Metal Service	@headlessly/wholesale-metal-service	100	8	5	11	14	12	7	1	1
423520	Coal and Other Mineral and Ore Merchant Wholesalers	Wholesale Trade	42	Merchant Wholesalers, Durable Goods	423	Metal and Mineral (except Petroleum) Merchant Wholesalers	4235	Wholesale	Coal	@headlessly/wholesale-coal	100	8	5	11	14	12	7	1	1
423610	Electrical Apparatus and Equipment, Wiring Supplies, and Related Equipment Merchant Wholesalers	Wholesale Trade	42	Merchant Wholesalers, Durable Goods	423	Household Appliances and Electrical and Electronic Goods Merchant Wholesalers	4236	Wholesale	Electrical Apparatus	@headlessly/wholesale-electrical-apparatus	100	8	5	11	14	12	7	1	1
423620	Household Appliances, Electric Housewares, and Consumer Electronics Merchant Wholesalers	Wholesale Trade	42	Merchant Wholesalers, Durable Goods	423	Household Appliances and Electrical and Electronic Goods Merchant Wholesalers	4236	Wholesale	Household Appliances	@headlessly/wholesale-household-appliances	100	8	5	11	14	12	7	1	1
423690	Other Electronic Parts and Equipment Merchant Wholesalers	Wholesale Trade	42	Merchant Wholesalers, Durable Goods	423	Household Appliances and Electrical and Electronic Goods Merchant Wholesalers	4236	Wholesale	Electronic Parts	@headlessly/wholesale-electronic-parts	100	8	5	11	14	12	7	1	1
423710	Hardware Merchant Wholesalers	Wholesale Trade	42	Merchant Wholesalers, Durable Goods	423	Hardware, and Plumbing and Heating Equipment and Supplies Merchant Wholesalers	4237	Wholesale	Hardware	@headlessly/wholesale-hardware	100	8	5	11	14	12	7	1	1
423720	Plumbing and Heating Equipment and Supplies (Hydronics) Merchant Wholesalers	Wholesale Trade	42	Merchant Wholesalers, Durable Goods	423	Hardware, and Plumbing and Heating Equipment and Supplies Merchant Wholesalers	4237	Wholesale	Plumbing Heating	@headlessly/wholesale-plumbing-heating	100	8	5	11	14	12	7	1	1
423730	Warm Air Heating and Air-Conditioning Equipment and Supplies Merchant Wholesalers	Wholesale Trade	42	Merchant Wholesalers, Durable Goods	423	Hardware, and Plumbing and Heating Equipment and Supplies Merchant Wholesalers	4237	Wholesale	Warm Air	@headlessly/wholesale-warm-air	100	8	5	11	14	12	7	1	1
423740	Refrigeration Equipment and Supplies Merchant Wholesalers	Wholesale Trade	42	Merchant Wholesalers, Durable Goods	423	Hardware, and Plumbing and Heating Equipment and Supplies Merchant Wholesalers	4237	Wholesale	Refrigeration Equipment	@headlessly/wholesale-refrigeration-equipment	100	8	5	11	14	12	7	1	1
423810	Construction and Mining (except Oil Well) Machinery and Equipment Merchant Wholesalers	Wholesale Trade	42	Merchant Wholesalers, Durable Goods	423	Machinery, Equipment, and Supplies Merchant Wholesalers	4238	Wholesale	Construction Mining	@headlessly/wholesale-construction-mining	100	8	5	11	14	12	7	1	1
423820	Farm and Garden Machinery and Equipment Merchant Wholesalers	Wholesale Trade	42	Merchant Wholesalers, Durable Goods	423	Machinery, Equipment, and Supplies Merchant Wholesalers	4238	Wholesale	Farm Garden	@headlessly/wholesale-farm-garden	100	8	5	11	14	12	7	1	1
423830	Industrial Machinery and Equipment Merchant Wholesalers	Wholesale Trade	42	Merchant Wholesalers, Durable Goods	423	Machinery, Equipment, and Supplies Merchant Wholesalers	4238	Wholesale	Industrial Machinery	@headlessly/wholesale-industrial-machinery	100	8	5	11	14	12	7	1	1
423840	Industrial Supplies Merchant Wholesalers	Wholesale Trade	42	Merchant Wholesalers, Durable Goods	423	Machinery, Equipment, and Supplies Merchant Wholesalers	4238	Wholesale	Industrial Supplies	@headlessly/wholesale-industrial-supplies	100	8	5	11	14	12	7	1	1
423850	Service Establishment Equipment and Supplies Merchant Wholesalers	Wholesale Trade	42	Merchant Wholesalers, Durable Goods	423	Machinery, Equipment, and Supplies Merchant Wholesalers	4238	Wholesale	Service Establishment	@headlessly/wholesale-service-establishment	100	9	5	11	14	12	7	1	1
423860	Transportation Equipment and Supplies (except Motor Vehicle) Merchant Wholesalers	Wholesale Trade	42	Merchant Wholesalers, Durable Goods	423	Machinery, Equipment, and Supplies Merchant Wholesalers	4238	Wholesale	Transportation Equipment	@headlessly/wholesale-transportation-equipment	100	9	5	11	14	12	7	1	1
423910	Sporting and Recreational Goods and Supplies Merchant Wholesalers	Wholesale Trade	42	Merchant Wholesalers, Durable Goods	423	Miscellaneous Durable Goods Merchant Wholesalers	4239	Wholesale	Sporting Recreational	@headlessly/wholesale-sporting-recreational	100	8	5	11	14	12	7	1	1
423920	Toy and Hobby Goods and Supplies Merchant Wholesalers	Wholesale Trade	42	Merchant Wholesalers, Durable Goods	423	Miscellaneous Durable Goods Merchant Wholesalers	4239	Wholesale	Toy Hobby	@headlessly/wholesale-toy-hobby	100	9	5	11	14	12	7	1	1
423930	Recyclable Material Merchant Wholesalers	Wholesale Trade	42	Merchant Wholesalers, Durable Goods	423	Miscellaneous Durable Goods Merchant Wholesalers	4239	Wholesale	Recyclable Material	@headlessly/wholesale-recyclable-material	100	8	5	11	14	12	7	1	1
423940	Jewelry, Watch, Precious Stone, and Precious Metal Merchant Wholesalers	Wholesale Trade	42	Merchant Wholesalers, Durable Goods	423	Miscellaneous Durable Goods Merchant Wholesalers	4239	Wholesale	Jewelry	@headlessly/wholesale-jewelry	100	9	5	12	14	12	7	1	1
423990	Other Miscellaneous Durable Goods Merchant Wholesalers	Wholesale Trade	42	Merchant Wholesalers, Durable Goods	423	Miscellaneous Durable Goods Merchant Wholesalers	4239	Wholesale	Durable Goods	@headlessly/wholesale-durable-goods	100	10	5	11	14	12	7	1	1
424110	Printing and Writing Paper Merchant Wholesalers	Wholesale Trade	42	Merchant Wholesalers, Nondurable Goods	424	Paper and Paper Product Merchant Wholesalers	4241	Distribute	Printing Writing	@headlessly/distribute-printing-writing	100	8	5	11	14	12	7	1	1
424120	Stationery and Office Supplies Merchant Wholesalers	Wholesale Trade	42	Merchant Wholesalers, Nondurable Goods	424	Paper and Paper Product Merchant Wholesalers	4241	Distribute	Stationery Office	@headlessly/distribute-stationery-office	100	9	5	11	14	12	7	1	1
424130	Industrial and Personal Service Paper Merchant Wholesalers	Wholesale Trade	42	Merchant Wholesalers, Nondurable Goods	424	Paper and Paper Product Merchant Wholesalers	4241	Distribute	Industrial Personal	@headlessly/distribute-industrial-personal	100	8	5	11	14	12	7	1	1
424210	Drugs and Druggists' Sundries Merchant Wholesalers	Wholesale Trade	42	Merchant Wholesalers, Nondurable Goods	424	Drugs and Druggists' Sundries Merchant Wholesalers	4242	Distribute	Drugs Druggists'	@headlessly/distribute-drugs-druggists-	100	8	5	11	14	12	7	1	1
424310	Piece Goods, Notions, and Other Dry Goods Merchant Wholesalers	Wholesale Trade	42	Merchant Wholesalers, Nondurable Goods	424	Apparel, Piece Goods, and Notions Merchant Wholesalers	4243	Wholesale	Piece Goods	@headlessly/wholesale-piece-goods	100	8	5	11	14	12	7	1	1
424340	Footwear Merchant Wholesalers	Wholesale Trade	42	Merchant Wholesalers, Nondurable Goods	424	Apparel, Piece Goods, and Notions Merchant Wholesalers	4243	Wholesale	Footwear	@headlessly/wholesale-footwear	100	8	5	11	14	12	7	1	1
424350	Clothing and Clothing Accessories Merchant Wholesalers	Wholesale Trade	42	Merchant Wholesalers, Nondurable Goods	424	Apparel, Piece Goods, and Notions Merchant Wholesalers	4243	Wholesale	Clothing Clothing	@headlessly/wholesale-clothing-clothing	100	8	5	11	14	12	7	1	1
424410	General Line Grocery Merchant Wholesalers	Wholesale Trade	42	Merchant Wholesalers, Nondurable Goods	424	Grocery and Related Product Merchant Wholesalers	4244	Distribute	General Line	@headlessly/distribute-general-line	100	8	5	11	14	12	7	1	1
424420	Packaged Frozen Food Merchant Wholesalers	Wholesale Trade	42	Merchant Wholesalers, Nondurable Goods	424	Grocery and Related Product Merchant Wholesalers	4244	Distribute	Packaged Frozen	@headlessly/distribute-packaged-frozen	100	8	5	11	14	12	7	1	1
424430	Dairy Product (except Dried or Canned) Merchant Wholesalers	Wholesale Trade	42	Merchant Wholesalers, Nondurable Goods	424	Grocery and Related Product Merchant Wholesalers	4244	Distribute	Dairy Product	@headlessly/distribute-dairy-product	100	8	5	11	14	12	7	1	1
424440	Poultry and Poultry Product Merchant Wholesalers	Wholesale Trade	42	Merchant Wholesalers, Nondurable Goods	424	Grocery and Related Product Merchant Wholesalers	4244	Distribute	Poultry Poultry	@headlessly/distribute-poultry-poultry	100	8	5	10	14	12	7	1	1
424450	Confectionery Merchant Wholesalers	Wholesale Trade	42	Merchant Wholesalers, Nondurable Goods	424	Grocery and Related Product Merchant Wholesalers	4244	Distribute	Confectionery	@headlessly/distribute-confectionery	100	8	5	11	14	12	7	1	1
424460	Fish and Seafood Merchant Wholesalers	Wholesale Trade	42	Merchant Wholesalers, Nondurable Goods	424	Grocery and Related Product Merchant Wholesalers	4244	Distribute	Seafood	@headlessly/distribute-seafood	100	8	6	10	12	12	7	1	1
424470	Meat and Meat Product Merchant Wholesalers	Wholesale Trade	42	Merchant Wholesalers, Nondurable Goods	424	Grocery and Related Product Merchant Wholesalers	4244	Distribute	Meat	@headlessly/distribute-meat	100	8	6	10	12	12	7	1	1
424480	Fresh Fruit and Vegetable Merchant Wholesalers	Wholesale Trade	42	Merchant Wholesalers, Nondurable Goods	424	Grocery and Related Product Merchant Wholesalers	4244	Distribute	Produce	@headlessly/distribute-produce	100	8	6	10	12	12	7	1	1
424490	Other Grocery and Related Products Merchant Wholesalers	Wholesale Trade	42	Merchant Wholesalers, Nondurable Goods	424	Grocery and Related Product Merchant Wholesalers	4244	Distribute	Grocery	@headlessly/distribute-grocery	100	8	6	10	12	12	7	1	1
424510	Grain and Field Bean Merchant Wholesalers	Wholesale Trade	42	Merchant Wholesalers, Nondurable Goods	424	Farm Product Raw Material Merchant Wholesalers	4245	Wholesale	Grain	@headlessly/wholesale-grain	100	8	6	10	12	12	7	1	1
424520	Livestock Merchant Wholesalers	Wholesale Trade	42	Merchant Wholesalers, Nondurable Goods	424	Farm Product Raw Material Merchant Wholesalers	4245	Wholesale	Livestock	@headlessly/wholesale-livestock	100	8	6	10	12	12	7	1	1
424590	Other Farm Product Raw Material Merchant Wholesalers	Wholesale Trade	42	Merchant Wholesalers, Nondurable Goods	424	Farm Product Raw Material Merchant Wholesalers	4245	Wholesale	Farm Products	@headlessly/wholesale-farm-products	100	8	6	10	12	12	7	1	1
424610	Plastics Materials and Basic Forms and Shapes Merchant Wholesalers	Wholesale Trade	42	Merchant Wholesalers, Nondurable Goods	424	Chemical and Allied Products Merchant Wholesalers	4246	Wholesale	Plastics	@headlessly/wholesale-plastics	100	8	6	10	12	12	7	1	1
424690	Other Chemical and Allied Products Merchant Wholesalers	Wholesale Trade	42	Merchant Wholesalers, Nondurable Goods	424	Chemical and Allied Products Merchant Wholesalers	4246	Wholesale	Chemicals	@headlessly/wholesale-chemicals	100	8	6	10	12	12	7	1	1
424710	Petroleum Bulk Stations and Terminals	Wholesale Trade	42	Merchant Wholesalers, Nondurable Goods	424	Petroleum and Petroleum Products Merchant Wholesalers	4247	Distribute	Petroleum	@headlessly/distribute-petroleum	100	8	6	10	12	12	7	1	1
424720	Petroleum and Petroleum Products Merchant Wholesalers (except Bulk Stations and Terminals)	Wholesale Trade	42	Merchant Wholesalers, Nondurable Goods	424	Petroleum and Petroleum Products Merchant Wholesalers	4247	Distribute	Fuel	@headlessly/distribute-fuel	100	8	6	10	12	12	7	1	1
424810	Beer and Ale Merchant Wholesalers	Wholesale Trade	42	Merchant Wholesalers, Nondurable Goods	424	Beer, Wine, and Distilled Alcoholic Beverage Merchant Wholesalers	4248	Distribute	Beer	@headlessly/distribute-beer	100	8	6	10	12	12	7	1	1
424820	Wine and Distilled Alcoholic Beverage Merchant Wholesalers	Wholesale Trade	42	Merchant Wholesalers, Nondurable Goods	424	Beer, Wine, and Distilled Alcoholic Beverage Merchant Wholesalers	4248	Distribute	Wine Spirits	@headlessly/distribute-wine-spirits	100	8	6	10	12	12	7	1	1
424910	Farm Supplies Merchant Wholesalers	Wholesale Trade	42	Merchant Wholesalers, Nondurable Goods	424	Miscellaneous Nondurable Goods Merchant Wholesalers	4249	Wholesale	Farm Supplies	@headlessly/wholesale-farm-supplies	100	8	6	10	12	12	7	1	1
424920	Book, Periodical, and Newspaper Merchant Wholesalers	Wholesale Trade	42	Merchant Wholesalers, Nondurable Goods	424	Miscellaneous Nondurable Goods Merchant Wholesalers	4249	Wholesale	Publications	@headlessly/wholesale-publications	100	8	6	10	12	12	7	1	1
424930	Flower, Nursery Stock, and Florists' Supplies Merchant Wholesalers	Wholesale Trade	42	Merchant Wholesalers, Nondurable Goods	424	Miscellaneous Nondurable Goods Merchant Wholesalers	4249	Wholesale	Flowers	@headlessly/wholesale-flowers	100	8	6	10	12	12	7	1	1
424940	Tobacco Product and Electronic Cigarette Merchant Wholesalers	Wholesale Trade	42	Merchant Wholesalers, Nondurable Goods	424	Miscellaneous Nondurable Goods Merchant Wholesalers	4249	Wholesale	Tobacco	@headlessly/wholesale-tobacco	100	8	6	10	12	12	7	1	1
424950	Paint, Varnish, and Supplies Merchant Wholesalers	Wholesale Trade	42	Merchant Wholesalers, Nondurable Goods	424	Miscellaneous Nondurable Goods Merchant Wholesalers	4249	Wholesale	Paint	@headlessly/wholesale-paint	100	8	6	10	12	12	7	1	1
424990	Other Miscellaneous Nondurable Goods Merchant Wholesalers	Wholesale Trade	42	Merchant Wholesalers, Nondurable Goods	424	Miscellaneous Nondurable Goods Merchant Wholesalers	4249	Wholesale	Nondurable Goods	@headlessly/wholesale-nondurable-goods	100	8	6	10	12	12	7	1	1
425120	Wholesale Trade Agents and Brokers	Wholesale Trade	42	Wholesale Trade Agents and Brokers	425	Wholesale Trade Agents and Brokers	4251	Broker	Goods	@headlessly/broker-goods	100	8	6	10	12	12	7	1	1
441110	New Car Dealers	Retail Trade	44-45	Motor Vehicle and Parts Dealers	441	Automobile Dealers	4411	Sell	New Car	@headlessly/sell-new-car	100	9	7	9	13	12	8	1	1
441120	Used Car Dealers	Retail Trade	44-45	Motor Vehicle and Parts Dealers	441	Automobile Dealers	4411	Sell	Used Car	@headlessly/sell-used-car	100	9	8	9	13	13	8	1	1
441210	Recreational Vehicle Dealers	Retail Trade	44-45	Motor Vehicle and Parts Dealers	441	Other Motor Vehicle Dealers	4412	Sell	Recreational Vehicle	@headlessly/sell-recreational-vehicle	100	9	8	9	13	13	8	1	1
441222	Boat Dealers	Retail Trade	44-45	Motor Vehicle and Parts Dealers	441	Other Motor Vehicle Dealers	4412	Sell	Boats	@headlessly/sell-boats	100	9	8	9	13	13	8	1	1
441227	Motorcycle, ATV, and All Other Motor Vehicle Dealers	Retail Trade	44-45	Motor Vehicle and Parts Dealers	441	Other Motor Vehicle Dealers	4412	Sell	Motorcycle	@headlessly/sell-motorcycle	100	9	8	9	13	12	8	1	1
441330	Automotive Parts and Accessories Retailers	Retail Trade	44-45	Motor Vehicle and Parts Dealers	441	Automotive Parts, Accessories, and Tire Retailers	4413	Sell	Automotive Parts	@headlessly/sell-automotive-parts	100	9	7	9	12	12	8	1	1
441340	Tire Dealers	Retail Trade	44-45	Motor Vehicle and Parts Dealers	441	Automotive Parts, Accessories, and Tire Retailers	4413	Sell	Tires	@headlessly/sell-tires	100	9	7	9	12	12	8	1	1
444110	Home Centers	Retail Trade	44-45	Building Material and Garden Equipment and Supplies Dealers	444	Building Material and Supplies Dealers	4441	Sell	Home Improvement	@headlessly/sell-home-improvement	100	9	8	9	12	12	8	1	1
444120	Paint and Wallpaper Retailers	Retail Trade	44-45	Building Material and Garden Equipment and Supplies Dealers	444	Building Material and Supplies Dealers	4441	Sell	Paint	@headlessly/sell-paint	100	9	7	9	12	12	8	1	1
444140	Hardware Retailers	Retail Trade	44-45	Building Material and Garden Equipment and Supplies Dealers	444	Building Material and Supplies Dealers	4441	Sell	Hardware	@headlessly/sell-hardware	100	9	7	9	12	12	8	1	1
444180	Other Building Material Dealers	Retail Trade	44-45	Building Material and Garden Equipment and Supplies Dealers	444	Building Material and Supplies Dealers	4441	Sell	Building Material	@headlessly/sell-building-material	100	9	8	9	12	12	8	1	1
444230	Outdoor Power Equipment Retailers	Retail Trade	44-45	Building Material and Garden Equipment and Supplies Dealers	444	Lawn and Garden Equipment and Supplies Retailers	4442	Sell	Outdoor Power Equipment	@headlessly/sell-outdoor-power-equipment	100	9	8	9	12	12	8	1	1
444240	Nursery, Garden Center, and Farm Supply Retailers	Retail Trade	44-45	Building Material and Garden Equipment and Supplies Dealers	444	Lawn and Garden Equipment and Supplies Retailers	4442	Sell	Nursery	@headlessly/sell-nursery	100	9	8	9	12	12	8	1	1
445110	Supermarkets and Other Grocery Retailers (except Convenience Retailers)	Retail Trade	44-45	Food and Beverage Retailers	445	Grocery and Convenience Retailers	4451	Retail	Groceries	@headlessly/retail-groceries	100	9	8	9	12	12	8	1	1
445131	Convenience Retailers	Retail Trade	44-45	Food and Beverage Retailers	445	Grocery and Convenience Retailers	4451	Retail	Convenience	@headlessly/retail-convenience	100	9	6	9	12	12	8	1	1
445132	Vending Machine Operators	Retail Trade	44-45	Food and Beverage Retailers	445	Grocery and Convenience Retailers	4451	Operate	Vending Machines	@headlessly/operate-vending-machines	100	9	6	9	12	12	8	1	1
445230	Fruit and Vegetable Retailers	Retail Trade	44-45	Food and Beverage Retailers	445	Specialty Food Retailers	4452	Sell	Produce	@headlessly/sell-produce	100	9	7	9	12	12	8	1	1
445240	Meat Retailers	Retail Trade	44-45	Food and Beverage Retailers	445	Specialty Food Retailers	4452	Sell	Meat	@headlessly/sell-meat	100	9	7	9	12	12	8	1	1
445250	Fish and Seafood Retailers	Retail Trade	44-45	Food and Beverage Retailers	445	Specialty Food Retailers	4452	Sell	Seafood	@headlessly/sell-seafood	100	9	7	9	12	12	8	1	1
445291	Baked Goods Retailers	Retail Trade	44-45	Food and Beverage Retailers	445	Specialty Food Retailers	4452	Sell	Baked Goods	@headlessly/sell-baked-goods	100	9	7	9	12	12	8	1	1
445292	Confectionery and Nut Retailers	Retail Trade	44-45	Food and Beverage Retailers	445	Specialty Food Retailers	4452	Sell	Confectionery	@headlessly/sell-confectionery	100	9	7	9	12	12	8	1	1
445298	All Other Specialty Food Retailers	Retail Trade	44-45	Food and Beverage Retailers	445	Specialty Food Retailers	4452	Sell	Specialty Food	@headlessly/sell-specialty-food	100	9	7	9	12	12	8	1	1
445320	Beer, Wine, and Liquor Retailers	Retail Trade	44-45	Food and Beverage Retailers	445	Beer, Wine, and Liquor Retailers	4453	Sell	Wine Spirits	@headlessly/sell-wine-spirits	100	9	7	9	12	12	8	1	1
449110	Furniture Retailers	Retail Trade	44-45	Furniture, Home Furnishings, Electronics, and Appliance Retailers	449	Furniture and Home Furnishings Retailers	4491	Retail	Furniture	@headlessly/retail-furniture	100	9	8	9	12	12	8	1	1
449121	Floor Covering Retailers	Retail Trade	44-45	Furniture, Home Furnishings, Electronics, and Appliance Retailers	449	Furniture and Home Furnishings Retailers	4491	Retail	Floor Covering	@headlessly/retail-floor-covering	100	8	6	12	12	12	8	1	1
449122	Window Treatment Retailers	Retail Trade	44-45	Furniture, Home Furnishings, Electronics, and Appliance Retailers	449	Furniture and Home Furnishings Retailers	4491	Retail	Window Treatment	@headlessly/retail-window-treatment	100	8	6	12	12	12	8	1	1
449129	All Other Home Furnishings Retailers	Retail Trade	44-45	Furniture, Home Furnishings, Electronics, and Appliance Retailers	449	Furniture and Home Furnishings Retailers	4491	Retail	Home Furnishings	@headlessly/retail-home-furnishings	100	8	6	12	12	12	8	1	1
449210	Electronics and Appliance Retailers	Retail Trade	44-45	Furniture, Home Furnishings, Electronics, and Appliance Retailers	449	Electronics and Appliance Retailers	4492	Retail	Electronics	@headlessly/retail-electronics	100	8	7	12	12	12	8	1	1
455110	Department Stores	Retail Trade	44-45	General Merchandise Retailers	455	Department Stores	4551	Retail	Merchandise	@headlessly/retail-merchandise	100	8	7	12	12	12	8	1	1
455211	Warehouse Clubs and Supercenters	Retail Trade	44-45	General Merchandise Retailers	455	Warehouse Clubs, Supercenters, and Other General Merchandise Retailers	4552	Retail	Bulk Merchandise	@headlessly/retail-bulk-merchandise	100	8	7	12	12	12	8	1	1
455219	All Other General Merchandise Retailers	Retail Trade	44-45	General Merchandise Retailers	455	Warehouse Clubs, Supercenters, and Other General Merchandise Retailers	4552	Retail	General Merchandise	@headlessly/retail-general-merchandise	100	8	7	12	12	12	8	1	1
456110	Pharmacies and Drug Retailers	Retail Trade	44-45	Health and Personal Care Retailers	456	Health and Personal Care Retailers	4561	Retail	Pharmaceuticals	@headlessly/retail-pharmaceuticals	100	8	6	12	12	12	8	1	1
456120	Cosmetics, Beauty Supplies, and Perfume Retailers	Retail Trade	44-45	Health and Personal Care Retailers	456	Health and Personal Care Retailers	4561	Retail	Cosmetics	@headlessly/retail-cosmetics	100	8	7	12	12	12	8	1	1
456130	Optical Goods Retailers	Retail Trade	44-45	Health and Personal Care Retailers	456	Health and Personal Care Retailers	4561	Retail	Optical Goods	@headlessly/retail-optical-goods	100	8	6	12	12	12	8	1	1
456191	Food (Health) Supplement Retailers	Retail Trade	44-45	Health and Personal Care Retailers	456	Health and Personal Care Retailers	4561	Retail	Supplements	@headlessly/retail-supplements	100	8	6	12	12	12	8	1	1
456199	All Other Health and Personal Care Retailers	Retail Trade	44-45	Health and Personal Care Retailers	456	Health and Personal Care Retailers	4561	Retail	Medical Supplies	@headlessly/retail-medical-supplies	100	8	6	12	12	12	8	1	1
457110	Gasoline Stations with Convenience Stores	Retail Trade	44-45	Gasoline Stations and Fuel Dealers	457	Gasoline Stations	4571	Retail	Fuel	@headlessly/retail-fuel	100	8	6	12	12	12	8	1	1
457120	Other Gasoline Stations	Retail Trade	44-45	Gasoline Stations and Fuel Dealers	457	Gasoline Stations	4571	Retail	Automotive Fuel	@headlessly/retail-automotive-fuel	100	8	6	12	12	12	8	1	1
457210	Fuel Dealers	Retail Trade	44-45	Gasoline Stations and Fuel Dealers	457	Fuel Dealers	4572	Deliver	Heating Fuel	@headlessly/deliver-heating-fuel	100	8	6	12	12	12	8	1	1
458110	Clothing and Clothing Accessories Retailers	Retail Trade	44-45	Clothing, Clothing Accessories, Shoe, and Jewelry Retailers	458	Clothing and Clothing Accessories Retailers	4581	Retail	Apparel	@headlessly/retail-apparel	100	8	7	12	12	12	8	1	1
458210	Shoe Retailers	Retail Trade	44-45	Clothing, Clothing Accessories, Shoe, and Jewelry Retailers	458	Shoe Retailers	4582	Retail	Footwear	@headlessly/retail-footwear	100	8	6	12	12	12	8	1	1
458310	Jewelry Retailers	Retail Trade	44-45	Clothing, Clothing Accessories, Shoe, and Jewelry Retailers	458	Jewelry, Luggage, and Leather Goods Retailers	4583	Retail	Jewelry	@headlessly/retail-jewelry	100	8	7	12	12	12	8	1	1
458320	Luggage and Leather Goods Retailers	Retail Trade	44-45	Clothing, Clothing Accessories, Shoe, and Jewelry Retailers	458	Jewelry, Luggage, and Leather Goods Retailers	4583	Retail	Luggage	@headlessly/retail-luggage	100	8	6	12	12	12	8	1	1
459110	Sporting Goods Retailers	Retail Trade	44-45	Sporting Goods, Hobby, Musical Instrument, Book, and Miscellaneous Retailers	459	Sporting Goods, Hobby, and Musical Instrument Retailers	4591	Retail	Sporting Goods	@headlessly/retail-sporting-goods	100	8	7	12	12	12	8	1	1
459120	Hobby, Toy, and Game Retailers	Retail Trade	44-45	Sporting Goods, Hobby, Musical Instrument, Book, and Miscellaneous Retailers	459	Sporting Goods, Hobby, and Musical Instrument Retailers	4591	Retail	Toys	@headlessly/retail-toys	100	8	7	12	12	12	8	1	1
459130	Sewing, Needlework, and Piece Goods Retailers	Retail Trade	44-45	Sporting Goods, Hobby, Musical Instrument, Book, and Miscellaneous Retailers	459	Sporting Goods, Hobby, and Musical Instrument Retailers	4591	Retail	Fabric	@headlessly/retail-fabric	100	8	7	12	12	12	8	1	1
459140	Musical Instrument and Supplies Retailers	Retail Trade	44-45	Sporting Goods, Hobby, Musical Instrument, Book, and Miscellaneous Retailers	459	Sporting Goods, Hobby, and Musical Instrument Retailers	4591	Retail	Musical Instruments	@headlessly/retail-musical-instruments	100	8	7	12	12	12	8	1	1
459210	Book Retailers and News Dealers	Retail Trade	44-45	Sporting Goods, Hobby, Musical Instrument, Book, and Miscellaneous Retailers	459	Book Retailers and News Dealers	4592	Retail	Books	@headlessly/retail-books	100	8	7	12	12	12	8	1	1
459310	Florists	Retail Trade	44-45	Sporting Goods, Hobby, Musical Instrument, Book, and Miscellaneous Retailers	459	Florists	4593	Retail	Flowers	@headlessly/retail-flowers	100	8	6	12	12	12	8	1	1
459410	Office Supplies and Stationery Retailers	Retail Trade	44-45	Sporting Goods, Hobby, Musical Instrument, Book, and Miscellaneous Retailers	459	Office Supplies, Stationery, and Gift Retailers	4594	Retail	Office Supplies	@headlessly/retail-office-supplies	100	8	7	12	12	12	8	1	1
459420	Gift, Novelty, and Souvenir Retailers	Retail Trade	44-45	Sporting Goods, Hobby, Musical Instrument, Book, and Miscellaneous Retailers	459	Office Supplies, Stationery, and Gift Retailers	4594	Retail	Gifts	@headlessly/retail-gifts	100	8	7	12	12	12	8	1	1
459510	Used Merchandise Retailers	Retail Trade	44-45	Sporting Goods, Hobby, Musical Instrument, Book, and Miscellaneous Retailers	459	Used Merchandise Retailers	4595	Retail	Used Merchandise	@headlessly/retail-used-merchandise	100	8	7	12	12	12	8	1	1
459910	Pet and Pet Supplies Retailers	Retail Trade	44-45	Sporting Goods, Hobby, Musical Instrument, Book, and Miscellaneous Retailers	459	Other Miscellaneous Retailers	4599	Retail	Pets	@headlessly/retail-pets	100	8	7	12	12	12	8	1	1
459920	Art Dealers	Retail Trade	44-45	Sporting Goods, Hobby, Musical Instrument, Book, and Miscellaneous Retailers	459	Other Miscellaneous Retailers	4599	Retail	Art	@headlessly/retail-art	100	8	7	12	12	12	8	1	1
459930	Manufactured (Mobile) Home Dealers	Retail Trade	44-45	Sporting Goods, Hobby, Musical Instrument, Book, and Miscellaneous Retailers	459	Other Miscellaneous Retailers	4599	Retail	Manufactured Homes	@headlessly/retail-manufactured-homes	100	8	7	12	12	12	8	1	1
459991	Tobacco, Electronic Cigarette, and Other Smoking Supplies Retailers	Retail Trade	44-45	Sporting Goods, Hobby, Musical Instrument, Book, and Miscellaneous Retailers	459	Other Miscellaneous Retailers	4599	Retail	Tobacco	@headlessly/retail-tobacco	100	8	7	12	12	12	8	1	1
459999	All Other Miscellaneous Retailers	Retail Trade	44-45	Sporting Goods, Hobby, Musical Instrument, Book, and Miscellaneous Retailers	459	Other Miscellaneous Retailers	4599	Retail	Specialty Goods	@headlessly/retail-specialty-goods	100	8	7	12	12	12	8	1	1
481111	Scheduled Passenger Air Transportation	Transportation and Warehousing	48-49	Air Transportation	481	Scheduled Air Transportation	4811	Fly	Scheduled Passenger	@headlessly/fly-scheduled-passenger	100	9	8	10	14	15	8	1	1
481112	Scheduled Freight Air Transportation	Transportation and Warehousing	48-49	Air Transportation	481	Scheduled Air Transportation	4811	Fly	Scheduled Freight	@headlessly/fly-scheduled-freight	100	9	8	10	14	14	8	1	1
481211	Nonscheduled Chartered Passenger Air Transportation	Transportation and Warehousing	48-49	Air Transportation	481	Nonscheduled Air Transportation	4812	Fly	Nonscheduled Chartered	@headlessly/fly-nonscheduled-chartered	100	9	8	10	14	14	8	1	1
481212	Nonscheduled Chartered Freight Air Transportation	Transportation and Warehousing	48-49	Air Transportation	481	Nonscheduled Air Transportation	4812	Fly	Nonscheduled Chartered	@headlessly/fly-nonscheduled-chartered	100	9	8	10	14	14	8	1	1
481219	Other Nonscheduled Air Transportation	Transportation and Warehousing	48-49	Air Transportation	481	Nonscheduled Air Transportation	4812	Fly	Nonscheduled Air	@headlessly/fly-nonscheduled-air	100	9	8	10	14	14	8	1	1
482111	Line-Haul Railroads	Transportation and Warehousing	48-49	Rail Transportation	482	Rail Transportation	4821	Rail	Line-Haul Railroads	@headlessly/rail-line-haul-railroads	100	9	8	10	14	14	8	1	1
482112	Short Line Railroads	Transportation and Warehousing	48-49	Rail Transportation	482	Rail Transportation	4821	Rail	Short Line	@headlessly/rail-short-line	100	9	8	10	14	14	8	1	1
483111	Deep Sea Freight Transportation	Transportation and Warehousing	48-49	Water Transportation	483	Deep Sea, Coastal, and Great Lakes Water Transportation	4831	Ship	Deep Sea	@headlessly/ship-deep-sea	100	9	8	10	14	14	8	1	1
483112	Deep Sea Passenger Transportation	Transportation and Warehousing	48-49	Water Transportation	483	Deep Sea, Coastal, and Great Lakes Water Transportation	4831	Ship	Deep Sea	@headlessly/ship-deep-sea	100	9	8	10	14	14	8	1	1
483113	Coastal and Great Lakes Freight Transportation	Transportation and Warehousing	48-49	Water Transportation	483	Deep Sea, Coastal, and Great Lakes Water Transportation	4831	Ship	Coastal Great	@headlessly/ship-coastal-great	100	9	8	10	14	14	8	1	1
483114	Coastal and Great Lakes Passenger Transportation	Transportation and Warehousing	48-49	Water Transportation	483	Deep Sea, Coastal, and Great Lakes Water Transportation	4831	Ship	Coastal Great	@headlessly/ship-coastal-great	100	9	8	10	14	14	8	1	1
483211	Inland Water Freight Transportation	Transportation and Warehousing	48-49	Water Transportation	483	Inland Water Transportation	4832	Ship	Inland Water	@headlessly/ship-inland-water	100	9	8	10	14	14	8	1	1
483212	Inland Water Passenger Transportation	Transportation and Warehousing	48-49	Water Transportation	483	Inland Water Transportation	4832	Ship	Inland Water	@headlessly/ship-inland-water	100	9	8	10	14	14	8	1	1
484110	General Freight Trucking, Local	Transportation and Warehousing	48-49	Truck Transportation	484	General Freight Trucking	4841	Truck	General Freight	@headlessly/truck-general-freight	100	9	8	10	14	14	8	1	1
484121	General Freight Trucking, Long-Distance, Truckload	Transportation and Warehousing	48-49	Truck Transportation	484	General Freight Trucking	4841	Truck	General Freight	@headlessly/truck-general-freight	100	9	8	10	14	14	8	1	1
484122	General Freight Trucking, Long-Distance, Less Than Truckload	Transportation and Warehousing	48-49	Truck Transportation	484	General Freight Trucking	4841	Truck	General Freight	@headlessly/truck-general-freight	100	9	8	10	14	14	8	1	1
484210	Used Household and Office Goods Moving	Transportation and Warehousing	48-49	Truck Transportation	484	Specialized Freight Trucking	4842	Truck	Used Household	@headlessly/truck-used-household	100	9	8	10	14	14	8	1	1
484220	Specialized Freight (except Used Goods) Trucking, Local	Transportation and Warehousing	48-49	Truck Transportation	484	Specialized Freight Trucking	4842	Truck	Specialized Freight	@headlessly/truck-specialized-freight	100	9	8	10	12	12	8	1	1
484230	Specialized Freight (except Used Goods) Trucking, Long-Distance	Transportation and Warehousing	48-49	Truck Transportation	484	Specialized Freight Trucking	4842	Truck	Long-Distance Specialized Freight	@headlessly/truck-long-distance-specialized-freight	100	9	8	10	13	13	8	1	1
485111	Mixed Mode Transit Systems	Transportation and Warehousing	48-49	Transit and Ground Passenger Transportation	485	Urban Transit Systems	4851	Transit	Mixed Mode	@headlessly/transit-mixed-mode	100	9	8	10	12	12	8	1	1
485112	Commuter Rail Systems	Transportation and Warehousing	48-49	Transit and Ground Passenger Transportation	485	Urban Transit Systems	4851	Transit	Commuter Rail	@headlessly/transit-commuter-rail	100	9	8	10	12	12	8	1	1
485113	Bus and Other Motor Vehicle Transit Systems	Transportation and Warehousing	48-49	Transit and Ground Passenger Transportation	485	Urban Transit Systems	4851	Transit	Bus	@headlessly/transit-bus	100	9	8	10	12	12	8	1	1
485119	Other Urban Transit Systems	Transportation and Warehousing	48-49	Transit and Ground Passenger Transportation	485	Urban Transit Systems	4851	Transit	Urban Transit	@headlessly/transit-urban-transit	100	9	8	10	12	12	8	1	1
485210	Interurban and Rural Bus Transportation	Transportation and Warehousing	48-49	Transit and Ground Passenger Transportation	485	Interurban and Rural Bus Transportation	4852	Bus	Interurban Rural	@headlessly/bus-interurban-rural	100	9	8	10	12	12	8	1	1
485310	Taxi and Ridesharing Services	Transportation and Warehousing	48-49	Transit and Ground Passenger Transportation	485	Taxi and Limousine Service	4853	Drive	Taxi Ridesharing	@headlessly/drive-taxi-ridesharing	100	9	8	10	14	14	8	1	1
485320	Limousine Service	Transportation and Warehousing	48-49	Transit and Ground Passenger Transportation	485	Taxi and Limousine Service	4853	Drive	Limousine	@headlessly/drive-limousine	100	9	8	10	12	12	8	1	1
485410	School and Employee Bus Transportation	Transportation and Warehousing	48-49	Transit and Ground Passenger Transportation	485	School and Employee Bus Transportation	4854	Bus	School Employee	@headlessly/bus-school-employee	100	9	8	10	12	12	8	1	1
485510	Charter Bus Industry	Transportation and Warehousing	48-49	Transit and Ground Passenger Transportation	485	Charter Bus Industry	4855	Charter	Charter Bus	@headlessly/charter-charter-bus	100	9	8	10	12	12	8	1	1
485991	Special Needs Transportation	Transportation and Warehousing	48-49	Transit and Ground Passenger Transportation	485	Other Transit and Ground Passenger Transportation	4859	Transport	Special Needs	@headlessly/transport-special-needs	100	9	8	10	12	12	8	1	1
485999	All Other Transit and Ground Passenger Transportation	Transportation and Warehousing	48-49	Transit and Ground Passenger Transportation	485	Other Transit and Ground Passenger Transportation	4859	Transport	Transit Ground	@headlessly/transport-transit-ground	100	9	8	10	12	12	8	1	1
486110	Pipeline Transportation of Crude Oil	Transportation and Warehousing	48-49	Pipeline Transportation	486	Pipeline Transportation of Crude Oil	4861	Pipe	Pipeline Transportation	@headlessly/pipe-pipeline-transportation	100	9	8	10	14	14	8	1	1
486210	Pipeline Transportation of Natural Gas	Transportation and Warehousing	48-49	Pipeline Transportation	486	Pipeline Transportation of Natural Gas	4862	Pipe	Natural Gas	@headlessly/pipe-natural-gas	100	9	8	10	13	13	8	1	1
486910	Pipeline Transportation of Refined Petroleum Products	Transportation and Warehousing	48-49	Pipeline Transportation	486	Other Pipeline Transportation	4869	Pipe	Refined Petroleum	@headlessly/pipe-refined-petroleum	100	9	8	10	12	12	8	1	1
486990	All Other Pipeline Transportation	Transportation and Warehousing	48-49	Pipeline Transportation	486	Other Pipeline Transportation	4869	Pipe	Slurry Products	@headlessly/pipe-slurry-products	100	9	8	10	12	12	8	1	1
487110	Scenic and Sightseeing Transportation, Land	Transportation and Warehousing	48-49	Scenic and Sightseeing Transportation	487	Scenic and Sightseeing Transportation, Land	4871	Tour	Scenic Sightseeing	@headlessly/tour-scenic-sightseeing	100	9	8	10	12	12	8	1	1
487210	Scenic and Sightseeing Transportation, Water	Transportation and Warehousing	48-49	Scenic and Sightseeing Transportation	487	Scenic and Sightseeing Transportation, Water	4872	Cruise	Scenic Sightseeing	@headlessly/cruise-scenic-sightseeing	100	9	8	10	12	12	8	1	1
487990	Scenic and Sightseeing Transportation, Other	Transportation and Warehousing	48-49	Scenic and Sightseeing Transportation	487	Scenic and Sightseeing Transportation, Other	4879	Tour	Aerial Sightseeing	@headlessly/tour-aerial-sightseeing	100	9	8	10	12	12	8	1	1
488111	Air Traffic Control	Transportation and Warehousing	48-49	Support Activities for Transportation	488	Support Activities for Air Transportation	4881	Support	Air Traffic	@headlessly/support-air-traffic	100	9	8	10	12	12	8	1	1
488119	Other Airport Operations	Transportation and Warehousing	48-49	Support Activities for Transportation	488	Support Activities for Air Transportation	4881	Support	Airport Operations	@headlessly/support-airport-operations	100	9	8	10	12	12	8	1	1
488190	Other Support Activities for Air Transportation	Transportation and Warehousing	48-49	Support Activities for Transportation	488	Support Activities for Air Transportation	4881	Support	Aviation Services	@headlessly/support-aviation-services	100	9	8	10	12	12	8	1	1
488210	Support Activities for Rail Transportation	Transportation and Warehousing	48-49	Support Activities for Transportation	488	Support Activities for Rail Transportation	4882	Support	Rail Services	@headlessly/support-rail-services	100	9	8	10	12	12	8	1	1
488310	Port and Harbor Operations	Transportation and Warehousing	48-49	Support Activities for Transportation	488	Support Activities for Water Transportation	4883	Support	Port Harbor	@headlessly/support-port-harbor	100	9	8	10	14	14	8	1	1
488320	Marine Cargo Handling	Transportation and Warehousing	48-49	Support Activities for Transportation	488	Support Activities for Water Transportation	4883	Support	Marine Cargo	@headlessly/support-marine-cargo	100	9	8	10	14	14	8	1	1
488330	Navigational Services to Shipping	Transportation and Warehousing	48-49	Support Activities for Transportation	488	Support Activities for Water Transportation	4883	Support	Navigational Services	@headlessly/support-navigational-services	100	9	8	10	12	12	8	1	1
488390	Other Support Activities for Water Transportation	Transportation and Warehousing	48-49	Support Activities for Transportation	488	Support Activities for Water Transportation	4883	Support	Marine Services	@headlessly/support-marine-services	100	9	8	10	12	12	8	1	1
488410	Motor Vehicle Towing	Transportation and Warehousing	48-49	Support Activities for Transportation	488	Support Activities for Road Transportation	4884	Support	Vehicle Towing	@headlessly/support-vehicle-towing	100	9	8	10	12	12	8	1	1
488490	Other Support Activities for Road Transportation	Transportation and Warehousing	48-49	Support Activities for Transportation	488	Support Activities for Road Transportation	4884	Support	Road Services	@headlessly/support-road-services	100	9	8	10	12	12	8	1	1
488510	Freight Transportation Arrangement	Transportation and Warehousing	48-49	Support Activities for Transportation	488	Freight Transportation Arrangement	4885	Arrange	Freight Transportation	@headlessly/arrange-freight-transportation	100	9	8	10	14	14	8	1	1
488991	Packing and Crating	Transportation and Warehousing	48-49	Support Activities for Transportation	488	Other Support Activities for Transportation	4889	Support	Packing Crating	@headlessly/support-packing-crating	100	9	8	10	12	12	8	1	1
488999	All Other Support Activities for Transportation	Transportation and Warehousing	48-49	Support Activities for Transportation	488	Other Support Activities for Transportation	4889	Support	Transportation Services	@headlessly/support-transportation-services	100	9	8	10	12	12	8	1	1
491110	Postal Service	Transportation and Warehousing	48-49	Postal Service	491	Postal Service	4911	Deliver	Postal	@headlessly/deliver-postal	100	9	8	10	14	14	8	1	1
492110	Couriers and Express Delivery Services	Transportation and Warehousing	48-49	Couriers and Messengers	492	Couriers and Express Delivery Services	4921	Deliver	Couriers Express	@headlessly/deliver-couriers-express	100	9	8	10	14	14	8	1	1
492210	Local Messengers and Local Delivery	Transportation and Warehousing	48-49	Couriers and Messengers	492	Local Messengers and Local Delivery	4922	Deliver	Local Messengers	@headlessly/deliver-local-messengers	100	9	8	10	14	14	8	1	1
493110	General Warehousing and Storage	Transportation and Warehousing	48-49	Warehousing and Storage	493	Warehousing and Storage	4931	Store	General Warehousing	@headlessly/store-general-warehousing	100	9	8	10	14	14	8	1	1
493120	Refrigerated Warehousing and Storage	Transportation and Warehousing	48-49	Warehousing and Storage	493	Warehousing and Storage	4931	Store	Refrigerated Warehousing	@headlessly/store-refrigerated-warehousing	100	9	8	10	14	14	8	1	1
493130	Farm Product Warehousing and Storage	Transportation and Warehousing	48-49	Warehousing and Storage	493	Warehousing and Storage	4931	Store	Farm Product	@headlessly/store-farm-product	100	9	8	10	12	12	8	1	1
493190	Other Warehousing and Storage	Transportation and Warehousing	48-49	Warehousing and Storage	493	Warehousing and Storage	4931	Store	Warehousing Storage	@headlessly/store-warehousing-storage	100	9	8	10	12	12	8	1	1
512110	Motion Picture and Video Production	Information	51	Motion Picture and Sound Recording Industries	512	Motion Picture and Video Industries	5121	Produce	Motion Picture	@headlessly/produce-motion-picture	100	10	6	12	14	14	8	1	1
512120	Motion Picture and Video Distribution	Information	51	Motion Picture and Sound Recording Industries	512	Motion Picture and Video Industries	5121	Produce	Motion Picture	@headlessly/produce-motion-picture	100	10	5	11	14	14	7	1	1
512131	Motion Picture Theaters (except Drive-Ins)	Information	51	Motion Picture and Sound Recording Industries	512	Motion Picture and Video Industries	5121	Produce	Motion Picture	@headlessly/produce-motion-picture	100	9	5	11	13	12	7	1	1
512132	Drive-In Motion Picture Theaters	Information	51	Motion Picture and Sound Recording Industries	512	Motion Picture and Video Industries	5121	Produce	Drive-In Motion	@headlessly/produce-drive-in-motion	100	8	5	11	13	12	7	1	1
512191	Teleproduction and Other Postproduction Services	Information	51	Motion Picture and Sound Recording Industries	512	Motion Picture and Video Industries	5121	Produce	Teleproduction	@headlessly/produce-teleproduction	100	9	6	11	14	12	7	1	1
512199	Other Motion Picture and Video Industries	Information	51	Motion Picture and Sound Recording Industries	512	Motion Picture and Video Industries	5121	Produce	Motion Picture	@headlessly/produce-motion-picture	100	9	6	11	13	12	7	1	1
512230	Music Publishers	Information	51	Motion Picture and Sound Recording Industries	512	Sound Recording Industries	5122	Record	Music Publishers	@headlessly/record-music-publishers	100	9	6	11	13	12	7	1	1
512240	Sound Recording Studios	Information	51	Motion Picture and Sound Recording Industries	512	Sound Recording Industries	5122	Record	Sound Recording	@headlessly/record-sound-recording	100	9	6	11	13	12	7	1	1
512250	Record Production and Distribution	Information	51	Motion Picture and Sound Recording Industries	512	Sound Recording Industries	5122	Record	Record Production	@headlessly/record-record-production	100	10	6	11	14	14	7	1	1
512290	Other Sound Recording Industries	Information	51	Motion Picture and Sound Recording Industries	512	Sound Recording Industries	5122	Record	Sound Recording	@headlessly/record-sound-recording	100	9	6	10	13	12	7	1	1
513110	Newspaper Publishers	Information	51	Publishing Industries	513	Newspaper, Periodical, Book, and Directory Publishers	5131	Publish	Newspaper Publishers	@headlessly/publish-newspaper-publishers	100	9	6	11	13	12	8	1	1
513120	Periodical Publishers	Information	51	Publishing Industries	513	Newspaper, Periodical, Book, and Directory Publishers	5131	Publish	Periodical Publishers	@headlessly/publish-periodical-publishers	100	9	6	11	13	13	8	1	1
513130	Book Publishers	Information	51	Publishing Industries	513	Newspaper, Periodical, Book, and Directory Publishers	5131	Publish	Book Publishers	@headlessly/publish-book-publishers	100	10	6	11	14	13	8	1	1
513140	Directory and Mailing List Publishers	Information	51	Publishing Industries	513	Newspaper, Periodical, Book, and Directory Publishers	5131	Publish	Directory Mailing	@headlessly/publish-directory-mailing	100	9	6	11	13	13	8	1	1
513191	Greeting Card Publishers	Information	51	Publishing Industries	513	Newspaper, Periodical, Book, and Directory Publishers	5131	Publish	Greeting Card	@headlessly/publish-greeting-card	100	9	6	11	13	13	8	1	1
513199	All Other Publishers	Information	51	Publishing Industries	513	Newspaper, Periodical, Book, and Directory Publishers	5131	Publish	Publishers	@headlessly/publish-publishers	100	9	6	11	12	12	8	1	1
513210	Software Publishers	Information	51	Publishing Industries	513	Software Publishers	5132	Develop	Software Publishers	@headlessly/develop-software-publishers	100	9	6	11	13	13	8	1	1
516110	Radio Broadcasting Stations	Information	51	Broadcasting and Content Providers	516	Radio and Television Broadcasting Stations	5161	Broadcast	Radio Broadcasting	@headlessly/broadcast-radio-broadcasting	100	9	6	11	12	12	8	1	1
516120	Television Broadcasting Stations	Information	51	Broadcasting and Content Providers	516	Radio and Television Broadcasting Stations	5161	Broadcast	Television Broadcasting	@headlessly/broadcast-television-broadcasting	100	9	6	11	12	12	8	1	1
516210	Media Streaming Distribution Services, Social Networks, and Other Media Networks and Content Providers	Information	51	Broadcasting and Content Providers	516	Media Streaming Distribution Services, Social Networks, and Other Media Networks and Content Providers	5162	Stream	Media Streaming	@headlessly/stream-media-streaming	100	9	6	11	12	12	8	1	1
517111	Wired Telecommunications Carriers	Information	51	Telecommunications	517	Wired and Wireless Telecommunications (except Satellite)	5171	Connect	Wired Telecommunications	@headlessly/connect-wired-telecommunications	100	9	6	11	12	12	8	1	1
517112	Wireless Telecommunications Carriers (except Satellite)	Information	51	Telecommunications	517	Wired and Wireless Telecommunications (except Satellite)	5171	Connect	Wireless Telecommunications	@headlessly/connect-wireless-telecommunications	100	9	6	11	12	12	8	1	1
517121	Telecommunications Resellers	Information	51	Telecommunications	517	Wired and Wireless Telecommunications (except Satellite)	5171	Connect	Telecommunications Resellers	@headlessly/connect-telecommunications-resellers	100	9	6	11	12	12	8	1	1
517122	Agents for Wireless Telecommunications Services	Information	51	Telecommunications	517	Wired and Wireless Telecommunications (except Satellite)	5171	Connect	Agents Wireless	@headlessly/connect-agents-wireless	100	9	5	11	12	13	8	1	1
517410	Satellite Telecommunications	Information	51	Telecommunications	517	Satellite Telecommunications	5174	Beam	Satellite Telecommunications	@headlessly/beam-satellite-telecommunications	100	9	6	11	12	13	8	1	1
517810	All Other Telecommunications	Information	51	Telecommunications	517	All Other Telecommunications	5178	Connect	Telecommunications	@headlessly/connect-telecommunications	100	9	6	11	12	12	8	1	1
518210	Computing Infrastructure Providers, Data Processing, Web Hosting, and Related Services	Information	51	Computing Infrastructure Providers, Data Processing, Web Hosting, and Related Services	518	Computing Infrastructure Providers, Data Processing, Web Hosting, and Related Services	5182	Host	Computing Infrastructure	@headlessly/host-computing-infrastructure	100	9	6	11	13	13	8	1	1
519210	Libraries and Archives	Information	51	Web Search Portals, Libraries, Archives, and Other Information Services	519	Web Search Portals, Libraries, Archives, and Other Information Services	5192	Search	Libraries Archives	@headlessly/search-libraries-archives	100	9	6	11	13	14	8	1	1
519290	Web Search Portals and All Other Information Services	Information	51	Web Search Portals, Libraries, Archives, and Other Information Services	519	Web Search Portals, Libraries, Archives, and Other Information Services	5192	Search	Web Search	@headlessly/search-web-search	100	9	6	11	12	12	8	1	1
521110	Monetary Authorities-Central Bank	Finance and Insurance	52	Monetary Authorities-Central Bank	521	Monetary Authorities-Central Bank	5211	Regulate	Currency	@headlessly/regulate-currency	100	8	6	10	12	12	7	1	1
522110	Commercial Banking	Finance and Insurance	52	Credit Intermediation and Related Activities	522	Depository Credit Intermediation	5221	Bank	Deposits	@headlessly/bank-deposits	100	8	6	10	12	12	7	1	1
522130	Credit Unions	Finance and Insurance	52	Credit Intermediation and Related Activities	522	Depository Credit Intermediation	5221	Bank	Members	@headlessly/bank-members	100	8	6	10	12	12	7	1	1
522180	Savings Institutions and Other Depository Credit Intermediation	Finance and Insurance	52	Credit Intermediation and Related Activities	522	Depository Credit Intermediation	5221	Bank	Savings	@headlessly/bank-savings	100	8	6	10	12	12	7	1	1
522210	Credit Card Issuing	Finance and Insurance	52	Credit Intermediation and Related Activities	522	Nondepository Credit Intermediation	5222	Lend	Credit	@headlessly/lend-credit	100	8	6	10	12	12	7	1	1
522220	Sales Financing	Finance and Insurance	52	Credit Intermediation and Related Activities	522	Nondepository Credit Intermediation	5222	Lend	Purchases	@headlessly/lend-purchases	100	8	6	10	12	12	7	1	1
522291	Consumer Lending	Finance and Insurance	52	Credit Intermediation and Related Activities	522	Nondepository Credit Intermediation	5222	Lend	Consumers	@headlessly/lend-consumers	100	8	6	10	12	12	7	1	1
522292	Real Estate Credit	Finance and Insurance	52	Credit Intermediation and Related Activities	522	Nondepository Credit Intermediation	5222	Lend	Mortgages	@headlessly/lend-mortgages	100	8	6	10	12	12	7	1	1
522299	International, Secondary Market, and All Other Nondepository Credit Intermediation	Finance and Insurance	52	Credit Intermediation and Related Activities	522	Nondepository Credit Intermediation	5222	Lend	Loans	@headlessly/lend-loans	100	8	6	10	12	12	7	1	1
522310	Mortgage and Nonmortgage Loan Brokers	Finance and Insurance	52	Credit Intermediation and Related Activities	522	Activities Related to Credit Intermediation	5223	Process	Loans	@headlessly/process-loans	100	8	6	10	12	12	7	1	1
522320	Financial Transactions Processing, Reserve, and Clearinghouse Activities	Finance and Insurance	52	Credit Intermediation and Related Activities	522	Activities Related to Credit Intermediation	5223	Process	Transactions	@headlessly/process-transactions	100	8	6	10	12	12	7	1	1
522390	Other Activities Related to Credit Intermediation	Finance and Insurance	52	Credit Intermediation and Related Activities	522	Activities Related to Credit Intermediation	5223	Process	Credit	@headlessly/process-credit	100	8	6	10	12	12	7	1	1
523150	Investment Banking and Securities Intermediation	Finance and Insurance	52	Securities, Commodity Contracts, and Other Financial Investments and Related Activities	523	Securities and Commodity Contracts Intermediation and Brokerage	5231	Trade	Securities	@headlessly/trade-securities	100	8	6	10	12	12	7	1	1
523160	Commodity Contracts Intermediation	Finance and Insurance	52	Securities, Commodity Contracts, and Other Financial Investments and Related Activities	523	Securities and Commodity Contracts Intermediation and Brokerage	5231	Trade	Commodities	@headlessly/trade-commodities	100	8	6	10	12	12	7	1	1
523210	Securities and Commodity Exchanges	Finance and Insurance	52	Securities, Commodity Contracts, and Other Financial Investments and Related Activities	523	Securities and Commodity Exchanges	5232	Trade	Markets	@headlessly/trade-markets	100	8	6	10	12	12	7	1	1
523910	Miscellaneous Intermediation	Finance and Insurance	52	Securities, Commodity Contracts, and Other Financial Investments and Related Activities	523	Other Financial Investment Activities	5239	Invest	Funds	@headlessly/invest-funds	100	8	6	10	12	12	7	1	1
523940	Portfolio Management and Investment Advice	Finance and Insurance	52	Securities, Commodity Contracts, and Other Financial Investments and Related Activities	523	Other Financial Investment Activities	5239	Invest	Portfolios	@headlessly/invest-portfolios	100	8	6	10	12	12	7	1	1
523991	Trust, Fiduciary, and Custody Activities	Finance and Insurance	52	Securities, Commodity Contracts, and Other Financial Investments and Related Activities	523	Other Financial Investment Activities	5239	Invest	Assets	@headlessly/invest-assets	100	8	6	10	12	12	7	1	1
523999	Miscellaneous Financial Investment Activities	Finance and Insurance	52	Securities, Commodity Contracts, and Other Financial Investments and Related Activities	523	Other Financial Investment Activities	5239	Invest	Investments	@headlessly/invest-investments	100	8	6	10	12	12	7	1	1
524113	Direct Life Insurance Carriers	Finance and Insurance	52	Insurance Carriers and Related Activities	524	Insurance Carriers	5241	Insure	Lives	@headlessly/insure-lives	100	8	6	10	12	12	7	1	1
524114	Direct Health and Medical Insurance Carriers	Finance and Insurance	52	Insurance Carriers and Related Activities	524	Insurance Carriers	5241	Insure	Health	@headlessly/insure-health	100	8	6	10	12	12	7	1	1
524126	Direct Property and Casualty Insurance Carriers	Finance and Insurance	52	Insurance Carriers and Related Activities	524	Insurance Carriers	5241	Insure	Property	@headlessly/insure-property	100	8	6	10	12	12	7	1	1
524127	Direct Title Insurance Carriers	Finance and Insurance	52	Insurance Carriers and Related Activities	524	Insurance Carriers	5241	Insure	Titles	@headlessly/insure-titles	100	8	6	10	12	12	7	1	1
524128	Other Direct Insurance (except Life, Health, and Medical) Carriers	Finance and Insurance	52	Insurance Carriers and Related Activities	524	Insurance Carriers	5241	Insure	Risks	@headlessly/insure-risks	100	8	6	10	12	12	7	1	1
524130	Reinsurance Carriers	Finance and Insurance	52	Insurance Carriers and Related Activities	524	Insurance Carriers	5241	Insure	Policies	@headlessly/insure-policies	100	8	6	10	12	12	7	1	1
524210	Insurance Agencies and Brokerages	Finance and Insurance	52	Insurance Carriers and Related Activities	524	Agencies, Brokerages, and Other Insurance Related Activities	5242	Broker	Policies	@headlessly/broker-policies	100	8	6	10	12	12	7	1	1
524291	Claims Adjusting	Finance and Insurance	52	Insurance Carriers and Related Activities	524	Agencies, Brokerages, and Other Insurance Related Activities	5242	Broker	Claims	@headlessly/broker-claims	100	8	6	10	12	12	7	1	1
524292	Pharmacy Benefit Management and Other Third Party Administration of Insurance and Pension Funds	Finance and Insurance	52	Insurance Carriers and Related Activities	524	Agencies, Brokerages, and Other Insurance Related Activities	5242	Broker	Benefits	@headlessly/broker-benefits	100	8	6	10	12	12	7	1	1
524298	All Other Insurance Related Activities	Finance and Insurance	52	Insurance Carriers and Related Activities	524	Agencies, Brokerages, and Other Insurance Related Activities	5242	Broker	Insurance	@headlessly/broker-insurance	100	8	6	10	12	12	7	1	1
525110	Pension Funds	Finance and Insurance	52	Funds, Trusts, and Other Financial Vehicles	525	Insurance and Employee Benefit Funds	5251	Manage	Pensions	@headlessly/manage-pensions	100	8	6	10	12	12	7	1	1
525120	Health and Welfare Funds	Finance and Insurance	52	Funds, Trusts, and Other Financial Vehicles	525	Insurance and Employee Benefit Funds	5251	Manage	Benefits	@headlessly/manage-benefits	100	8	6	10	12	12	7	1	1
525190	Other Insurance Funds	Finance and Insurance	52	Funds, Trusts, and Other Financial Vehicles	525	Insurance and Employee Benefit Funds	5251	Manage	Reserves	@headlessly/manage-reserves	100	10	6	10	12	12	7	1	1
525910	Open-End Investment Funds	Finance and Insurance	52	Funds, Trusts, and Other Financial Vehicles	525	Other Investment Pools and Funds	5259	Pool	Portfolios	@headlessly/pool-portfolios	100	10	6	10	12	12	7	1	1
525920	Trusts, Estates, and Agency Accounts	Finance and Insurance	52	Funds, Trusts, and Other Financial Vehicles	525	Other Investment Pools and Funds	5259	Pool	Trusts	@headlessly/pool-trusts	100	10	6	10	12	12	7	1	1
525990	Other Financial Vehicles	Finance and Insurance	52	Funds, Trusts, and Other Financial Vehicles	525	Other Investment Pools and Funds	5259	Pool	Investments	@headlessly/pool-investments	100	10	6	10	12	12	7	1	1
531110	Lessors of Residential Buildings and Dwellings	Real Estate and Rental and Leasing	53	Real Estate	531	Lessors of Real Estate	5311	Lease	Residential	@headlessly/lease-residential	100	9	5	10	14	15	7	1	1
531120	Lessors of Nonresidential Buildings (except Miniwarehouses)	Real Estate and Rental and Leasing	53	Real Estate	531	Lessors of Real Estate	5311	Lease	Commercial	@headlessly/lease-commercial	100	9	5	10	14	14	7	1	1
531130	Lessors of Miniwarehouses and Self-Storage Units	Real Estate and Rental and Leasing	53	Real Estate	531	Lessors of Real Estate	5311	Lease	Storage	@headlessly/lease-storage	100	8	5	10	14	13	7	1	1
531190	Lessors of Other Real Estate Property	Real Estate and Rental and Leasing	53	Real Estate	531	Lessors of Real Estate	5311	Lease	Land	@headlessly/lease-land	100	8	5	10	14	13	7	1	1
531210	Offices of Real Estate Agents and Brokers	Real Estate and Rental and Leasing	53	Real Estate	531	Offices of Real Estate Agents and Brokers	5312	Broker	Property	@headlessly/broker-property	100	9	5	10	14	14	7	1	1
531311	Residential Property Managers	Real Estate and Rental and Leasing	53	Real Estate	531	Activities Related to Real Estate	5313	Manage	Residential	@headlessly/manage-residential	100	9	5	10	14	14	7	1	1
531312	Nonresidential Property Managers	Real Estate and Rental and Leasing	53	Real Estate	531	Activities Related to Real Estate	5313	Manage	Commercial	@headlessly/manage-commercial	100	9	5	10	14	13	7	1	1
531320	Offices of Real Estate Appraisers	Real Estate and Rental and Leasing	53	Real Estate	531	Activities Related to Real Estate	5313	Manage	Values	@headlessly/manage-values	100	9	5	10	14	13	7	1	1
531390	Other Activities Related to Real Estate	Real Estate and Rental and Leasing	53	Real Estate	531	Activities Related to Real Estate	5313	Manage	Property	@headlessly/manage-property	100	9	5	10	14	14	7	1	1
532111	Passenger Car Rental	Real Estate and Rental and Leasing	53	Rental and Leasing Services	532	Automotive Equipment Rental and Leasing	5321	Rent	Cars	@headlessly/rent-cars	100	9	5	10	14	13	7	1	1
532112	Passenger Car Leasing	Real Estate and Rental and Leasing	53	Rental and Leasing Services	532	Automotive Equipment Rental and Leasing	5321	Rent	Vehicles	@headlessly/rent-vehicles	100	9	5	10	14	14	7	1	1
532120	Truck, Utility Trailer, and RV (Recreational Vehicle) Rental and Leasing	Real Estate and Rental and Leasing	53	Rental and Leasing Services	532	Automotive Equipment Rental and Leasing	5321	Rent	Trucks	@headlessly/rent-trucks	100	9	5	10	14	12	7	1	1
532210	Consumer Electronics and Appliances Rental	Real Estate and Rental and Leasing	53	Rental and Leasing Services	532	Consumer Goods Rental	5322	Rent	Electronics	@headlessly/rent-electronics	100	9	5	10	14	12	7	1	1
532281	Formal Wear and Costume Rental	Real Estate and Rental and Leasing	53	Rental and Leasing Services	532	Consumer Goods Rental	5322	Rent	Costumes	@headlessly/rent-costumes	100	9	5	10	14	13	7	1	1
532282	Video Tape and Disc Rental	Real Estate and Rental and Leasing	53	Rental and Leasing Services	532	Consumer Goods Rental	5322	Rent	Videos	@headlessly/rent-videos	100	9	5	10	14	12	7	1	1
532283	Home Health Equipment Rental	Real Estate and Rental and Leasing	53	Rental and Leasing Services	532	Consumer Goods Rental	5322	Rent	Equipment	@headlessly/rent-equipment	100	9	5	10	14	14	7	1	1
532284	Recreational Goods Rental	Real Estate and Rental and Leasing	53	Rental and Leasing Services	532	Consumer Goods Rental	5322	Rent	Gear	@headlessly/rent-gear	100	9	5	10	14	13	7	1	1
532289	All Other Consumer Goods Rental	Real Estate and Rental and Leasing	53	Rental and Leasing Services	532	Consumer Goods Rental	5322	Rent	Goods	@headlessly/rent-goods	100	9	5	10	14	12	7	1	1
532310	General Rental Centers	Real Estate and Rental and Leasing	53	Rental and Leasing Services	532	General Rental Centers	5323	Rent	Equipment	@headlessly/rent-equipment	100	9	5	10	14	12	7	1	1
532411	Commercial Air, Rail, and Water Transportation Equipment Rental and Leasing	Real Estate and Rental and Leasing	53	Rental and Leasing Services	532	Commercial and Industrial Machinery and Equipment Rental and Leasing	5324	Lease	Aircraft	@headlessly/lease-aircraft	100	9	5	10	14	13	7	1	1
532412	Construction, Mining, and Forestry Machinery and Equipment Rental and Leasing	Real Estate and Rental and Leasing	53	Rental and Leasing Services	532	Commercial and Industrial Machinery and Equipment Rental and Leasing	5324	Lease	Machinery	@headlessly/lease-machinery	100	9	5	10	14	12	7	1	1
532420	Office Machinery and Equipment Rental and Leasing	Real Estate and Rental and Leasing	53	Rental and Leasing Services	532	Commercial and Industrial Machinery and Equipment Rental and Leasing	5324	Lease	Office	@headlessly/lease-office	100	9	5	10	14	12	7	1	1
532490	Other Commercial and Industrial Machinery and Equipment Rental and Leasing	Real Estate and Rental and Leasing	53	Rental and Leasing Services	532	Commercial and Industrial Machinery and Equipment Rental and Leasing	5324	Lease	Equipment	@headlessly/lease-equipment	100	9	5	10	14	13	7	1	1
533110	Lessors of Nonfinancial Intangible Assets (except Copyrighted Works)	Real Estate and Rental and Leasing	53	Lessors of Nonfinancial Intangible Assets (except Copyrighted Works)	533	Lessors of Nonfinancial Intangible Assets (except Copyrighted Works)	5331	License	IP	@headlessly/license-i-p	100	9	5	10	14	13	7	1	1
541110	Offices of Lawyers	Professional, Scientific, and Technical Services	54	Professional, Scientific, and Technical Services	541	Legal Services	5411	Practice	Law	@headlessly/practice-law	100	9	6	10	13	13	7	1	1
541120	Offices of Notaries	Professional, Scientific, and Technical Services	54	Professional, Scientific, and Technical Services	541	Legal Services	5411	Practice	Documents	@headlessly/practice-documents	100	8	4	10	12	11	6	1	1
541191	Title Abstract and Settlement Offices	Professional, Scientific, and Technical Services	54	Professional, Scientific, and Technical Services	541	Legal Services	5411	Practice	Titles	@headlessly/practice-titles	100	9	5	10	12	13	7	1	1
541199	All Other Legal Services	Professional, Scientific, and Technical Services	54	Professional, Scientific, and Technical Services	541	Legal Services	5411	Practice	Legal	@headlessly/practice-legal	100	8	6	10	12	12	7	1	1
541211	Offices of Certified Public Accountants	Professional, Scientific, and Technical Services	54	Professional, Scientific, and Technical Services	541	Accounting, Tax Preparation, Bookkeeping, and Payroll Services	5412	Audit	Finances	@headlessly/audit-finances	100	8	6	10	12	12	7	1	1
541213	Tax Preparation Services	Professional, Scientific, and Technical Services	54	Professional, Scientific, and Technical Services	541	Accounting, Tax Preparation, Bookkeeping, and Payroll Services	5412	Audit	Taxes	@headlessly/audit-taxes	100	8	5	10	12	12	7	1	1
541214	Payroll Services	Professional, Scientific, and Technical Services	54	Professional, Scientific, and Technical Services	541	Accounting, Tax Preparation, Bookkeeping, and Payroll Services	5412	Audit	Payroll	@headlessly/audit-payroll	100	8	5	10	12	12	7	1	1
541219	Other Accounting Services	Professional, Scientific, and Technical Services	54	Professional, Scientific, and Technical Services	541	Accounting, Tax Preparation, Bookkeeping, and Payroll Services	5412	Audit	Books	@headlessly/audit-books	100	8	6	10	12	11	7	1	1
541310	Architectural Services	Professional, Scientific, and Technical Services	54	Professional, Scientific, and Technical Services	541	Architectural, Engineering, and Related Services	5413	Design	Buildings	@headlessly/design-buildings	100	8	6	10	12	12	7	1	1
541320	Landscape Architectural Services	Professional, Scientific, and Technical Services	54	Professional, Scientific, and Technical Services	541	Architectural, Engineering, and Related Services	5413	Design	Landscapes	@headlessly/design-landscapes	100	8	6	10	12	12	7	1	1
541330	Engineering Services	Professional, Scientific, and Technical Services	54	Professional, Scientific, and Technical Services	541	Architectural, Engineering, and Related Services	5413	Design	Systems	@headlessly/design-systems	100	8	6	10	12	12	7	1	1
541340	Drafting Services	Professional, Scientific, and Technical Services	54	Professional, Scientific, and Technical Services	541	Architectural, Engineering, and Related Services	5413	Design	Plans	@headlessly/design-plans	100	8	6	10	12	12	7	1	1
541350	Building Inspection Services	Professional, Scientific, and Technical Services	54	Professional, Scientific, and Technical Services	541	Architectural, Engineering, and Related Services	5413	Design	Buildings	@headlessly/design-buildings	100	8	5	10	12	12	7	1	1
541360	Geophysical Surveying and Mapping Services	Professional, Scientific, and Technical Services	54	Professional, Scientific, and Technical Services	541	Architectural, Engineering, and Related Services	5413	Design	Terrain	@headlessly/design-terrain	100	8	6	10	12	12	7	1	1
541370	Surveying and Mapping (except Geophysical) Services	Professional, Scientific, and Technical Services	54	Professional, Scientific, and Technical Services	541	Architectural, Engineering, and Related Services	5413	Design	Land	@headlessly/design-land	100	8	6	10	12	12	7	1	1
541380	Testing Laboratories and Services	Professional, Scientific, and Technical Services	54	Professional, Scientific, and Technical Services	541	Architectural, Engineering, and Related Services	5413	Design	Materials	@headlessly/design-materials	100	8	6	10	12	12	7	1	1
541410	Interior Design Services	Professional, Scientific, and Technical Services	54	Professional, Scientific, and Technical Services	541	Specialized Design Services	5414	Design	Interiors	@headlessly/design-interiors	100	8	6	10	12	12	7	1	1
541420	Industrial Design Services	Professional, Scientific, and Technical Services	54	Professional, Scientific, and Technical Services	541	Specialized Design Services	5414	Design	Products	@headlessly/design-products	100	8	6	10	12	12	7	1	1
541430	Graphic Design Services	Professional, Scientific, and Technical Services	54	Professional, Scientific, and Technical Services	541	Specialized Design Services	5414	Design	Graphics	@headlessly/design-graphics	100	8	6	10	12	12	7	1	1
541490	Other Specialized Design Services	Professional, Scientific, and Technical Services	54	Professional, Scientific, and Technical Services	541	Specialized Design Services	5414	Design	Designs	@headlessly/design-designs	100	8	6	10	12	12	7	1	1
541511	Custom Computer Programming Services	Professional, Scientific, and Technical Services	54	Professional, Scientific, and Technical Services	541	Computer Systems Design and Related Services	5415	Develop	Software	@headlessly/develop-software	100	8	6	10	12	12	7	1	1
541512	Computer Systems Design Services	Professional, Scientific, and Technical Services	54	Professional, Scientific, and Technical Services	541	Computer Systems Design and Related Services	5415	Develop	Systems	@headlessly/develop-systems	100	8	6	10	12	12	7	1	1
541513	Computer Facilities Management Services	Professional, Scientific, and Technical Services	54	Professional, Scientific, and Technical Services	541	Computer Systems Design and Related Services	5415	Develop	Infrastructure	@headlessly/develop-infrastructure	100	8	6	10	12	12	7	1	1
541519	Other Computer Related Services	Professional, Scientific, and Technical Services	54	Professional, Scientific, and Technical Services	541	Computer Systems Design and Related Services	5415	Develop	IT	@headlessly/develop-i-t	100	8	6	10	12	12	7	1	1
541611	Administrative Management and General Management Consulting Services	Professional, Scientific, and Technical Services	54	Professional, Scientific, and Technical Services	541	Management, Scientific, and Technical Consulting Services	5416	Consult	Strategy	@headlessly/consult-strategy	100	8	6	10	12	12	7	1	1
541612	Human Resources Consulting Services	Professional, Scientific, and Technical Services	54	Professional, Scientific, and Technical Services	541	Management, Scientific, and Technical Consulting Services	5416	Consult	HR	@headlessly/consult-h-r	100	8	6	10	12	12	7	1	1
541613	Marketing Consulting Services	Professional, Scientific, and Technical Services	54	Professional, Scientific, and Technical Services	541	Management, Scientific, and Technical Consulting Services	5416	Consult	Marketing	@headlessly/consult-marketing	100	8	6	10	12	12	7	1	1
541614	Process, Physical Distribution, and Logistics Consulting Services	Professional, Scientific, and Technical Services	54	Professional, Scientific, and Technical Services	541	Management, Scientific, and Technical Consulting Services	5416	Consult	Logistics	@headlessly/consult-logistics	100	8	6	10	12	12	7	1	1
541618	Other Management Consulting Services	Professional, Scientific, and Technical Services	54	Professional, Scientific, and Technical Services	541	Management, Scientific, and Technical Consulting Services	5416	Consult	Operations	@headlessly/consult-operations	100	8	6	10	12	12	7	1	1
541620	Environmental Consulting Services	Professional, Scientific, and Technical Services	54	Professional, Scientific, and Technical Services	541	Management, Scientific, and Technical Consulting Services	5416	Consult	Environment	@headlessly/consult-environment	100	8	6	10	12	12	7	1	1
541690	Other Scientific and Technical Consulting Services	Professional, Scientific, and Technical Services	54	Professional, Scientific, and Technical Services	541	Management, Scientific, and Technical Consulting Services	5416	Consult	Technical	@headlessly/consult-technical	100	8	6	10	12	12	7	1	1
541713	Research and Development in Nanotechnology	Professional, Scientific, and Technical Services	54	Professional, Scientific, and Technical Services	541	Scientific Research and Development Services	5417	Research	Nanotech	@headlessly/research-nanotech	100	8	6	10	12	12	7	1	1
541714	Research and Development in Biotechnology (except Nanobiotechnology)	Professional, Scientific, and Technical Services	54	Professional, Scientific, and Technical Services	541	Scientific Research and Development Services	5417	Research	Biotech	@headlessly/research-biotech	100	8	6	10	12	12	7	1	1
541715	Research and Development in the Physical, Engineering, and Life Sciences (except Nanotechnology and Biotechnology)	Professional, Scientific, and Technical Services	54	Professional, Scientific, and Technical Services	541	Scientific Research and Development Services	5417	Research	Science	@headlessly/research-science	100	8	6	10	12	12	7	1	1
541720	Research and Development in the Social Sciences and Humanities	Professional, Scientific, and Technical Services	54	Professional, Scientific, and Technical Services	541	Scientific Research and Development Services	5417	Research	Social	@headlessly/research-social	100	8	6	10	12	12	7	1	1
541810	Advertising Agencies	Professional, Scientific, and Technical Services	54	Professional, Scientific, and Technical Services	541	Advertising, Public Relations, and Related Services	5418	Advertise	Campaigns	@headlessly/advertise-campaigns	100	8	6	10	12	12	7	1	1
541820	Public Relations Agencies	Professional, Scientific, and Technical Services	54	Professional, Scientific, and Technical Services	541	Advertising, Public Relations, and Related Services	5418	Advertise	Reputation	@headlessly/advertise-reputation	100	8	6	10	12	12	7	1	1
541830	Media Buying Agencies	Professional, Scientific, and Technical Services	54	Professional, Scientific, and Technical Services	541	Advertising, Public Relations, and Related Services	5418	Advertise	Media	@headlessly/advertise-media	100	8	6	10	12	12	7	1	1
541840	Media Representatives	Professional, Scientific, and Technical Services	54	Professional, Scientific, and Technical Services	541	Advertising, Public Relations, and Related Services	5418	Advertise	Ads	@headlessly/advertise-ads	100	8	6	10	12	12	7	1	1
541850	Indoor and Outdoor Display Advertising	Professional, Scientific, and Technical Services	54	Professional, Scientific, and Technical Services	541	Advertising, Public Relations, and Related Services	5418	Advertise	Displays	@headlessly/advertise-displays	100	8	6	10	12	12	7	1	1
541860	Direct Mail Advertising	Professional, Scientific, and Technical Services	54	Professional, Scientific, and Technical Services	541	Advertising, Public Relations, and Related Services	5418	Advertise	Mail	@headlessly/advertise-mail	100	8	6	10	12	12	7	1	1
541870	Advertising Material Distribution Services	Professional, Scientific, and Technical Services	54	Professional, Scientific, and Technical Services	541	Advertising, Public Relations, and Related Services	5418	Advertise	Materials	@headlessly/advertise-materials	100	8	6	10	12	12	7	1	1
541890	Other Services Related to Advertising	Professional, Scientific, and Technical Services	54	Professional, Scientific, and Technical Services	541	Advertising, Public Relations, and Related Services	5418	Advertise	Promotions	@headlessly/advertise-promotions	100	8	6	10	12	12	7	1	1
541910	Marketing Research and Public Opinion Polling	Professional, Scientific, and Technical Services	54	Professional, Scientific, and Technical Services	541	Other Professional, Scientific, and Technical Services	5419	Consult	Markets	@headlessly/consult-markets	100	8	6	10	12	12	7	1	1
541921	Photography Studios, Portrait	Professional, Scientific, and Technical Services	54	Professional, Scientific, and Technical Services	541	Other Professional, Scientific, and Technical Services	5419	Consult	Portraits	@headlessly/consult-portraits	100	8	6	10	12	12	7	1	1
541922	Commercial Photography	Professional, Scientific, and Technical Services	54	Professional, Scientific, and Technical Services	541	Other Professional, Scientific, and Technical Services	5419	Consult	Photos	@headlessly/consult-photos	100	8	6	10	12	12	7	1	1
541930	Translation and Interpretation Services	Professional, Scientific, and Technical Services	54	Professional, Scientific, and Technical Services	541	Other Professional, Scientific, and Technical Services	5419	Consult	Languages	@headlessly/consult-languages	100	8	6	10	12	12	7	1	1
541940	Veterinary Services	Professional, Scientific, and Technical Services	54	Professional, Scientific, and Technical Services	541	Other Professional, Scientific, and Technical Services	5419	Consult	Animals	@headlessly/consult-animals	100	8	6	10	12	12	7	1	1
541990	All Other Professional, Scientific, and Technical Services	Professional, Scientific, and Technical Services	54	Professional, Scientific, and Technical Services	541	Other Professional, Scientific, and Technical Services	5419	Consult	Projects	@headlessly/consult-projects	100	8	6	10	12	12	7	1	1
551111	Offices of Bank Holding Companies	Management of Companies and Enterprises	55	Management of Companies and Enterprises	551	Management of Companies and Enterprises	5511	Manage	Bank Holding	@headlessly/manage-bank-holding	100	10	6	12	14	15	8	1	1
551112	Offices of Other Holding Companies	Management of Companies and Enterprises	55	Management of Companies and Enterprises	551	Management of Companies and Enterprises	5511	Manage	Holding Companies	@headlessly/manage-holding-companies	100	10	6	12	14	15	8	1	1
551114	Corporate, Subsidiary, and Regional Managing Offices	Management of Companies and Enterprises	55	Management of Companies and Enterprises	551	Management of Companies and Enterprises	5511	Manage	Corporate	@headlessly/manage-corporate	100	10	6	12	15	15	8	1	1
561110	Office Administrative Services	Administrative and Support and Waste Management and Remediation Services	56	Administrative and Support Services	561	Office Administrative Services	5611	Administer	Office Administrative	@headlessly/administer-office-administrative	100	8	5	10	13	12	7	1	1
561210	Facilities Support Services	Administrative and Support and Waste Management and Remediation Services	56	Administrative and Support Services	561	Facilities Support Services	5612	Support	Facilities Support	@headlessly/support-facilities-support	100	8	6	10	13	12	7	1	1
561311	Employment Placement Agencies	Administrative and Support and Waste Management and Remediation Services	56	Administrative and Support Services	561	Employment Services	5613	Staff	Employment Placement	@headlessly/staff-employment-placement	100	8	5	10	13	12	7	1	1
561312	Executive Search Services	Administrative and Support and Waste Management and Remediation Services	56	Administrative and Support Services	561	Employment Services	5613	Staff	Executive Search	@headlessly/staff-executive-search	100	8	5	10	12	12	7	1	1
561320	Temporary Help Services	Administrative and Support and Waste Management and Remediation Services	56	Administrative and Support Services	561	Employment Services	5613	Staff	Temporary Help	@headlessly/staff-temporary-help	100	8	5	10	12	12	7	1	1
561330	Professional Employer Organizations	Administrative and Support and Waste Management and Remediation Services	56	Administrative and Support Services	561	Employment Services	5613	Staff	Professional Employer	@headlessly/staff-professional-employer	100	8	6	10	12	12	7	1	1
561410	Document Preparation Services	Administrative and Support and Waste Management and Remediation Services	56	Administrative and Support Services	561	Business Support Services	5614	Support	Document Preparation	@headlessly/support-document-preparation	100	8	6	10	12	12	7	1	1
561421	Telephone Answering Services	Administrative and Support and Waste Management and Remediation Services	56	Administrative and Support Services	561	Business Support Services	5614	Support	Telephone Answering	@headlessly/support-telephone-answering	100	8	6	10	12	12	7	1	1
561422	Telemarketing Bureaus and Other Contact Centers	Administrative and Support and Waste Management and Remediation Services	56	Administrative and Support Services	561	Business Support Services	5614	Support	Telemarketing Bureaus	@headlessly/support-telemarketing-bureaus	100	8	6	10	12	12	8	1	1
561431	Private Mail Centers	Administrative and Support and Waste Management and Remediation Services	56	Administrative and Support Services	561	Business Support Services	5614	Support	Private Mail	@headlessly/support-private-mail	100	8	5	10	12	12	7	1	1
561439	Other Business Service Centers (including Copy Shops)	Administrative and Support and Waste Management and Remediation Services	56	Administrative and Support Services	561	Business Support Services	5614	Support	Business Service	@headlessly/support-business-service	100	8	5	10	12	12	7	1	1
561440	Collection Agencies	Administrative and Support and Waste Management and Remediation Services	56	Administrative and Support Services	561	Business Support Services	5614	Support	Collection Agencies	@headlessly/support-collection-agencies	100	8	6	10	12	12	8	1	1
561450	Credit Bureaus	Administrative and Support and Waste Management and Remediation Services	56	Administrative and Support Services	561	Business Support Services	5614	Support	Credit Bureaus	@headlessly/support-credit-bureaus	100	8	6	10	12	12	8	1	1
561491	Repossession Services	Administrative and Support and Waste Management and Remediation Services	56	Administrative and Support Services	561	Business Support Services	5614	Support	Repossession	@headlessly/support-repossession	100	8	6	10	12	12	8	1	1
561492	Court Reporting and Stenotype Services	Administrative and Support and Waste Management and Remediation Services	56	Administrative and Support Services	561	Business Support Services	5614	Support	Court Reporting	@headlessly/support-court-reporting	100	8	6	10	12	12	8	1	1
561499	All Other Business Support Services	Administrative and Support and Waste Management and Remediation Services	56	Administrative and Support Services	561	Business Support Services	5614	Support	Business Support	@headlessly/support-business-support	100	8	6	10	12	12	8	1	1
561510	Travel Agencies	Administrative and Support and Waste Management and Remediation Services	56	Administrative and Support Services	561	Travel Arrangement and Reservation Services	5615	Book	Travel Agencies	@headlessly/book-travel-agencies	100	8	6	10	12	12	8	1	1
561520	Tour Operators	Administrative and Support and Waste Management and Remediation Services	56	Administrative and Support Services	561	Travel Arrangement and Reservation Services	5615	Book	Tour Operators	@headlessly/book-tour-operators	100	8	6	10	12	12	8	1	1
561591	Convention and Visitors Bureaus	Administrative and Support and Waste Management and Remediation Services	56	Administrative and Support Services	561	Travel Arrangement and Reservation Services	5615	Book	Convention Visitors	@headlessly/book-convention-visitors	100	8	6	10	12	12	8	1	1
561599	All Other Travel Arrangement and Reservation Services	Administrative and Support and Waste Management and Remediation Services	56	Administrative and Support Services	561	Travel Arrangement and Reservation Services	5615	Book	Travel Arrangement	@headlessly/book-travel-arrangement	100	8	6	10	12	12	8	1	1
561611	Investigation and Personal Background Check Services	Administrative and Support and Waste Management and Remediation Services	56	Administrative and Support Services	561	Investigation and Security Services	5616	Secure	Investigation Personal	@headlessly/secure-investigation-personal	100	8	6	10	12	12	8	1	1
561612	Security Guards and Patrol Services	Administrative and Support and Waste Management and Remediation Services	56	Administrative and Support Services	561	Investigation and Security Services	5616	Secure	Security Guards	@headlessly/secure-security-guards	100	8	6	10	12	12	8	1	1
561613	Armored Car Services	Administrative and Support and Waste Management and Remediation Services	56	Administrative and Support Services	561	Investigation and Security Services	5616	Secure	Armored Car	@headlessly/secure-armored-car	100	8	6	10	12	12	8	1	1
561621	Security Systems Services (except Locksmiths)	Administrative and Support and Waste Management and Remediation Services	56	Administrative and Support Services	561	Investigation and Security Services	5616	Secure	Security Systems	@headlessly/secure-security-systems	100	8	6	10	12	12	8	1	1
561622	Locksmiths	Administrative and Support and Waste Management and Remediation Services	56	Administrative and Support Services	561	Investigation and Security Services	5616	Secure	Locksmiths	@headlessly/secure-locksmiths	100	8	6	10	12	12	8	1	1
561710	Exterminating and Pest Control Services	Administrative and Support and Waste Management and Remediation Services	56	Administrative and Support Services	561	Services to Buildings and Dwellings	5617	Clean	Exterminating Pest	@headlessly/clean-exterminating-pest	100	8	6	10	12	12	8	1	1
561720	Janitorial Services	Administrative and Support and Waste Management and Remediation Services	56	Administrative and Support Services	561	Services to Buildings and Dwellings	5617	Clean	Janitorial	@headlessly/clean-janitorial	100	8	6	10	12	12	8	1	1
561730	Landscaping Services	Administrative and Support and Waste Management and Remediation Services	56	Administrative and Support Services	561	Services to Buildings and Dwellings	5617	Landscape	Property	@headlessly/landscape-property	100	8	7	12	14	12	8	1	1
561740	Carpet and Upholstery Cleaning Services	Administrative and Support and Waste Management and Remediation Services	56	Administrative and Support Services	561	Services to Buildings and Dwellings	5617	Clean	Carpet	@headlessly/clean-carpet	100	8	7	12	14	12	8	1	1
561790	Other Services to Buildings and Dwellings	Administrative and Support and Waste Management and Remediation Services	56	Administrative and Support Services	561	Services to Buildings and Dwellings	5617	Service	Building	@headlessly/service-building	100	8	7	12	14	12	8	1	1
561910	Packaging and Labeling Services	Administrative and Support and Waste Management and Remediation Services	56	Administrative and Support Services	561	Other Support Services	5619	Package	Product	@headlessly/package-product	100	8	8	12	14	12	8	1	1
561920	Convention and Trade Show Organizers	Administrative and Support and Waste Management and Remediation Services	56	Administrative and Support Services	561	Other Support Services	5619	Organize	Event	@headlessly/organize-event	100	8	8	12	14	14	8	1	1
561990	All Other Support Services	Administrative and Support and Waste Management and Remediation Services	56	Administrative and Support Services	561	Other Support Services	5619	Support	Business	@headlessly/support-business	100	8	8	12	14	12	8	1	1
562111	Solid Waste Collection	Administrative and Support and Waste Management and Remediation Services	56	Waste Management and Remediation Services	562	Waste Collection	5621	Collect	Solid Waste	@headlessly/collect-solid-waste	100	8	8	12	14	13	8	1	1
562112	Hazardous Waste Collection	Administrative and Support and Waste Management and Remediation Services	56	Waste Management and Remediation Services	562	Waste Collection	5621	Collect	Hazardous Waste	@headlessly/collect-hazardous-waste	100	8	8	12	14	14	8	1	1
562119	Other Waste Collection	Administrative and Support and Waste Management and Remediation Services	56	Waste Management and Remediation Services	562	Waste Collection	5621	Collect	Specialty Waste	@headlessly/collect-specialty-waste	100	8	8	12	14	12	8	1	1
562211	Hazardous Waste Treatment and Disposal	Administrative and Support and Waste Management and Remediation Services	56	Waste Management and Remediation Services	562	Waste Treatment and Disposal	5622	Treat	Hazardous Waste	@headlessly/treat-hazardous-waste	100	8	8	12	14	14	8	1	1
562212	Solid Waste Landfill	Administrative and Support and Waste Management and Remediation Services	56	Waste Management and Remediation Services	562	Waste Treatment and Disposal	5622	Operate	Landfill	@headlessly/operate-landfill	100	8	8	12	14	14	8	1	1
562213	Solid Waste Combustors and Incinerators	Administrative and Support and Waste Management and Remediation Services	56	Waste Management and Remediation Services	562	Waste Treatment and Disposal	5622	Incinerate	Solid Waste	@headlessly/incinerate-solid-waste	100	8	8	12	14	14	8	1	1
562219	Other Nonhazardous Waste Treatment and Disposal	Administrative and Support and Waste Management and Remediation Services	56	Waste Management and Remediation Services	562	Waste Treatment and Disposal	5622	Treat	Organic Waste	@headlessly/treat-organic-waste	100	8	8	12	14	14	8	1	1
562910	Remediation Services	Administrative and Support and Waste Management and Remediation Services	56	Waste Management and Remediation Services	562	Remediation and Other Waste Management Services	5629	Remediate	Site	@headlessly/remediate-site	100	8	8	12	14	14	8	1	1
562920	Materials Recovery Facilities	Administrative and Support and Waste Management and Remediation Services	56	Waste Management and Remediation Services	562	Remediation and Other Waste Management Services	5629	Recover	Recyclables	@headlessly/recover-recyclables	100	8	8	12	14	14	8	1	1
562991	Septic Tank and Related Services	Administrative and Support and Waste Management and Remediation Services	56	Waste Management and Remediation Services	562	Remediation and Other Waste Management Services	5629	Service	Septic System	@headlessly/service-septic-system	100	8	8	12	14	14	8	1	1
562998	All Other Miscellaneous Waste Management Services	Administrative and Support and Waste Management and Remediation Services	56	Waste Management and Remediation Services	562	Remediation and Other Waste Management Services	5629	Manage	Specialty Waste	@headlessly/manage-specialty-waste	100	8	8	12	14	14	8	1	1
611110	Elementary and Secondary Schools	Educational Services	61	Educational Services	611	Elementary and Secondary Schools	6111	Teach	K12	@headlessly/teach-k12	100	9	6	12	15	15	8	1	1
611210	Junior Colleges	Educational Services	61	Educational Services	611	Junior Colleges	6112	Teach	Associates	@headlessly/teach-associates	100	9	6	12	15	15	8	1	1
611310	Colleges, Universities, and Professional Schools	Educational Services	61	Educational Services	611	Colleges, Universities, and Professional Schools	6113	Teach	Degrees	@headlessly/teach-degrees	100	9	6	12	15	15	8	1	1
611410	Business and Secretarial Schools	Educational Services	61	Educational Services	611	Business Schools and Computer and Management Training	6114	Train	Business	@headlessly/train-business	100	9	6	12	15	15	8	1	1
611420	Computer Training	Educational Services	61	Educational Services	611	Business Schools and Computer and Management Training	6114	Train	Computers	@headlessly/train-computers	100	9	6	12	15	15	8	1	1
611430	Professional and Management Development Training	Educational Services	61	Educational Services	611	Business Schools and Computer and Management Training	6114	Train	Managers	@headlessly/train-managers	100	9	6	12	15	15	8	1	1
611511	Cosmetology and Barber Schools	Educational Services	61	Educational Services	611	Technical and Trade Schools	6115	Train	Stylists	@headlessly/train-stylists	100	9	6	12	15	15	8	1	1
611512	Flight Training	Educational Services	61	Educational Services	611	Technical and Trade Schools	6115	Train	Pilots	@headlessly/train-pilots	100	9	6	12	15	15	8	1	1
611513	Apprenticeship Training	Educational Services	61	Educational Services	611	Technical and Trade Schools	6115	Train	Apprentices	@headlessly/train-apprentices	100	9	6	12	15	15	8	1	1
611519	Other Technical and Trade Schools	Educational Services	61	Educational Services	611	Technical and Trade Schools	6115	Train	Technicians	@headlessly/train-technicians	100	9	6	12	15	15	8	1	1
611610	Fine Arts Schools	Educational Services	61	Educational Services	611	Other Schools and Instruction	6116	Instruct	Artists	@headlessly/instruct-artists	100	9	6	12	15	15	8	1	1
611620	Sports and Recreation Instruction	Educational Services	61	Educational Services	611	Other Schools and Instruction	6116	Instruct	Athletes	@headlessly/instruct-athletes	100	9	6	12	15	15	8	1	1
611630	Language Schools	Educational Services	61	Educational Services	611	Other Schools and Instruction	6116	Instruct	Languages	@headlessly/instruct-languages	100	9	6	12	15	15	8	1	1
611691	Exam Preparation and Tutoring	Educational Services	61	Educational Services	611	Other Schools and Instruction	6116	Instruct	Students	@headlessly/instruct-students	100	9	6	12	15	15	8	1	1
611692	Automobile Driving Schools	Educational Services	61	Educational Services	611	Other Schools and Instruction	6116	Instruct	Drivers	@headlessly/instruct-drivers	100	9	6	12	15	15	8	1	1
611699	All Other Miscellaneous Schools and Instruction	Educational Services	61	Educational Services	611	Other Schools and Instruction	6116	Instruct	Learners	@headlessly/instruct-learners	100	9	6	12	15	15	8	1	1
611710	Educational Support Services	Educational Services	61	Educational Services	611	Educational Support Services	6117	Support	Schools	@headlessly/support-schools	100	9	6	12	15	15	8	1	1
621111	Offices of Physicians (except Mental Health Specialists)	Health Care and Social Assistance	62	Ambulatory Health Care Services	621	Offices of Physicians	6211	Treat	Patients	@headlessly/treat-patients	100	9	6	12	15	15	8	1	1
621112	Offices of Physicians, Mental Health Specialists	Health Care and Social Assistance	62	Ambulatory Health Care Services	621	Offices of Physicians	6211	Treat	Mental Health	@headlessly/treat-mental-health	100	9	6	12	15	14	8	1	1
621210	Offices of Dentists	Health Care and Social Assistance	62	Ambulatory Health Care Services	621	Offices of Dentists	6212	Treat	Dental	@headlessly/treat-dental	100	9	6	12	15	14	8	1	1
621310	Offices of Chiropractors	Health Care and Social Assistance	62	Ambulatory Health Care Services	621	Offices of Other Health Practitioners	6213	Treat	Spines	@headlessly/treat-spines	100	9	5	12	15	13	8	1	1
621320	Offices of Optometrists	Health Care and Social Assistance	62	Ambulatory Health Care Services	621	Offices of Other Health Practitioners	6213	Treat	Vision	@headlessly/treat-vision	100	9	6	12	15	14	8	1	1
621330	Offices of Mental Health Practitioners (except Physicians)	Health Care and Social Assistance	62	Ambulatory Health Care Services	621	Offices of Other Health Practitioners	6213	Treat	Mental Health	@headlessly/treat-mental-health	100	9	6	12	15	13	8	1	1
621340	Offices of Physical, Occupational and Speech Therapists, and Audiologists	Health Care and Social Assistance	62	Ambulatory Health Care Services	621	Offices of Other Health Practitioners	6213	Treat	Rehabilitation	@headlessly/treat-rehabilitation	100	9	7	12	15	14	8	1	1
621391	Offices of Podiatrists	Health Care and Social Assistance	62	Ambulatory Health Care Services	621	Offices of Other Health Practitioners	6213	Treat	Feet	@headlessly/treat-feet	100	9	6	12	15	14	8	1	1
621399	Offices of All Other Miscellaneous Health Practitioners	Health Care and Social Assistance	62	Ambulatory Health Care Services	621	Offices of Other Health Practitioners	6213	Treat	Patients	@headlessly/treat-patients	100	9	8	12	15	13	8	1	1
621410	Family Planning Centers	Health Care and Social Assistance	62	Ambulatory Health Care Services	621	Outpatient Care Centers	6214	Treat	Families	@headlessly/treat-families	100	9	6	12	15	14	8	1	1
621420	Outpatient Mental Health and Substance Abuse Centers	Health Care and Social Assistance	62	Ambulatory Health Care Services	621	Outpatient Care Centers	6214	Treat	Addiction	@headlessly/treat-addiction	100	9	7	12	15	14	8	1	1
621491	HMO Medical Centers	Health Care and Social Assistance	62	Ambulatory Health Care Services	621	Outpatient Care Centers	6214	Treat	Members	@headlessly/treat-members	100	9	7	12	15	14	8	1	1
621492	Kidney Dialysis Centers	Health Care and Social Assistance	62	Ambulatory Health Care Services	621	Outpatient Care Centers	6214	Treat	Kidneys	@headlessly/treat-kidneys	100	9	7	12	15	14	8	1	1
621493	Freestanding Ambulatory Surgical and Emergency Centers	Health Care and Social Assistance	62	Ambulatory Health Care Services	621	Outpatient Care Centers	6214	Treat	Surgery	@headlessly/treat-surgery	100	9	8	12	15	14	8	1	1
621498	All Other Outpatient Care Centers	Health Care and Social Assistance	62	Ambulatory Health Care Services	621	Outpatient Care Centers	6214	Treat	Outpatients	@headlessly/treat-outpatients	100	9	8	12	15	14	8	1	1
621511	Medical Laboratories	Health Care and Social Assistance	62	Ambulatory Health Care Services	621	Medical and Diagnostic Laboratories	6215	Diagnose	Samples	@headlessly/diagnose-samples	100	9	8	12	15	14	8	1	1
621512	Diagnostic Imaging Centers	Health Care and Social Assistance	62	Ambulatory Health Care Services	621	Medical and Diagnostic Laboratories	6215	Diagnose	Imaging	@headlessly/diagnose-imaging	100	9	8	12	15	14	8	1	1
621610	Home Health Care Services	Health Care and Social Assistance	62	Ambulatory Health Care Services	621	Home Health Care Services	6216	Care	Homebound	@headlessly/care-homebound	100	9	9	12	15	14	8	1	1
621910	Ambulance Services	Health Care and Social Assistance	62	Ambulatory Health Care Services	621	Other Ambulatory Health Care Services	6219	Treat	Emergencies	@headlessly/treat-emergencies	100	9	8	12	15	14	8	1	1
621991	Blood and Organ Banks	Health Care and Social Assistance	62	Ambulatory Health Care Services	621	Other Ambulatory Health Care Services	6219	Treat	Blood	@headlessly/treat-blood	100	9	8	12	15	15	8	1	1
621999	All Other Miscellaneous Ambulatory Health Care Services	Health Care and Social Assistance	62	Ambulatory Health Care Services	621	Other Ambulatory Health Care Services	6219	Treat	Patients	@headlessly/treat-patients	100	9	8	12	15	13	8	1	1
622110	General Medical and Surgical Hospitals	Health Care and Social Assistance	62	Hospitals	622	General Medical and Surgical Hospitals	6221	Treat	Inpatients	@headlessly/treat-inpatients	100	10	10	12	15	15	8	1	1
622210	Psychiatric and Substance Abuse Hospitals	Health Care and Social Assistance	62	Hospitals	622	Psychiatric and Substance Abuse Hospitals	6222	Treat	Psychiatric	@headlessly/treat-psychiatric	100	10	8	12	15	15	8	1	1
622310	Specialty (except Psychiatric and Substance Abuse) Hospitals	Health Care and Social Assistance	62	Hospitals	622	Specialty (except Psychiatric and Substance Abuse) Hospitals	6223	Treat	Specialty	@headlessly/treat-specialty	100	10	9	12	15	14	8	1	1
623110	Nursing Care Facilities (Skilled Nursing Facilities)	Health Care and Social Assistance	62	Nursing and Residential Care Facilities	623	Nursing Care Facilities (Skilled Nursing Facilities)	6231	Care	Elderly	@headlessly/care-elderly	100	10	10	12	15	14	8	1	1
623210	Residential Intellectual and Developmental Disability Facilities	Health Care and Social Assistance	62	Nursing and Residential Care Facilities	623	Residential Intellectual and Developmental Disability, Mental Health, and Substance Abuse Facilities	6232	Care	IDD Resident	@headlessly/care-i-d-d-resident	100	8	8	12	14	14	8	1	1
623220	Residential Mental Health and Substance Abuse Facilities	Health Care and Social Assistance	62	Nursing and Residential Care Facilities	623	Residential Intellectual and Developmental Disability, Mental Health, and Substance Abuse Facilities	6232	Treat	Recovery Resident	@headlessly/treat-recovery-resident	100	8	8	12	14	14	8	1	1
623311	Continuing Care Retirement Communities	Health Care and Social Assistance	62	Nursing and Residential Care Facilities	623	Continuing Care Retirement Communities and Assisted Living Facilities for the Elderly	6233	Operate	CCRC	@headlessly/operate-c-c-r-c	100	8	8	12	14	14	8	1	1
623312	Assisted Living Facilities for the Elderly	Health Care and Social Assistance	62	Nursing and Residential Care Facilities	623	Continuing Care Retirement Communities and Assisted Living Facilities for the Elderly	6233	Assist	Senior Living	@headlessly/assist-senior-living	100	8	8	12	14	14	8	1	1
623990	Other Residential Care Facilities	Health Care and Social Assistance	62	Nursing and Residential Care Facilities	623	Other Residential Care Facilities	6239	Operate	Group Home	@headlessly/operate-group-home	100	8	8	12	14	14	8	1	1
624110	Child and Youth Services	Health Care and Social Assistance	62	Social Assistance	624	Individual and Family Services	6241	Serve	Youth	@headlessly/serve-youth	100	8	8	12	14	14	8	1	1
624120	Services for the Elderly and Persons with Disabilities	Health Care and Social Assistance	62	Social Assistance	624	Individual and Family Services	6241	Support	Senior Care	@headlessly/support-senior-care	100	8	8	12	14	14	8	1	1
624190	Other Individual and Family Services	Health Care and Social Assistance	62	Social Assistance	624	Individual and Family Services	6241	Counsel	Family	@headlessly/counsel-family	100	8	8	12	14	14	8	1	1
624210	Community Food Services	Health Care and Social Assistance	62	Social Assistance	624	Community Food and Housing, and Emergency and Other Relief Services	6242	Aid	Hungry	@headlessly/aid-hungry	100	8	8	12	14	14	8	1	1
624221	Temporary Shelters	Health Care and Social Assistance	62	Social Assistance	624	Community Food and Housing, and Emergency and Other Relief Services	6242	Aid	Homeless	@headlessly/aid-homeless	100	8	8	12	14	14	8	1	1
624229	Other Community Housing Services	Health Care and Social Assistance	62	Social Assistance	624	Community Food and Housing, and Emergency and Other Relief Services	6242	Aid	Housing	@headlessly/aid-housing	100	8	8	12	14	14	8	1	1
624230	Emergency and Other Relief Services	Health Care and Social Assistance	62	Social Assistance	624	Community Food and Housing, and Emergency and Other Relief Services	6242	Aid	Disasters	@headlessly/aid-disasters	100	8	8	12	14	14	8	1	1
624310	Vocational Rehabilitation Services	Health Care and Social Assistance	62	Social Assistance	624	Vocational Rehabilitation Services	6243	Rehabilitate	Disabled	@headlessly/rehabilitate-disabled	100	8	8	12	14	14	8	1	1
624410	Child Care Services	Health Care and Social Assistance	62	Social Assistance	624	Child Care Services	6244	Care	Children	@headlessly/care-children	100	8	8	12	14	14	8	1	1
711110	Theater Companies and Dinner Theaters	Arts, Entertainment, and Recreation	71	Performing Arts, Spectator Sports, and Related Industries	711	Performing Arts Companies	7111	Perform	Theater	@headlessly/perform-theater	100	9	6	10	14	13	7	1	1
711120	Dance Companies	Arts, Entertainment, and Recreation	71	Performing Arts, Spectator Sports, and Related Industries	711	Performing Arts Companies	7111	Perform	Dance	@headlessly/perform-dance	100	9	6	10	14	12	7	1	1
711130	Musical Groups and Artists	Arts, Entertainment, and Recreation	71	Performing Arts, Spectator Sports, and Related Industries	711	Performing Arts Companies	7111	Perform	Music	@headlessly/perform-music	100	9	6	10	13	11	7	1	1
711190	Other Performing Arts Companies	Arts, Entertainment, and Recreation	71	Performing Arts, Spectator Sports, and Related Industries	711	Performing Arts Companies	7111	Perform	Shows	@headlessly/perform-shows	100	9	6	10	13	11	7	1	1
711211	Sports Teams and Clubs	Arts, Entertainment, and Recreation	71	Performing Arts, Spectator Sports, and Related Industries	711	Spectator Sports	7112	Compete	Teams	@headlessly/compete-teams	100	9	6	10	13	13	8	1	1
711212	Racetracks	Arts, Entertainment, and Recreation	71	Performing Arts, Spectator Sports, and Related Industries	711	Spectator Sports	7112	Compete	Racetracks	@headlessly/compete-racetracks	100	9	6	10	13	12	7	1	1
711219	Other Spectator Sports	Arts, Entertainment, and Recreation	71	Performing Arts, Spectator Sports, and Related Industries	711	Spectator Sports	7112	Compete	Sports	@headlessly/compete-sports	100	9	6	10	12	11	7	1	1
711310	Promoters of Performing Arts, Sports, and Similar Events with Facilities	Arts, Entertainment, and Recreation	71	Performing Arts, Spectator Sports, and Related Industries	711	Promoters of Performing Arts, Sports, and Similar Events	7113	Promote	Events	@headlessly/promote-events	100	9	6	10	13	11	7	1	1
711320	Promoters of Performing Arts, Sports, and Similar Events without Facilities	Arts, Entertainment, and Recreation	71	Performing Arts, Spectator Sports, and Related Industries	711	Promoters of Performing Arts, Sports, and Similar Events	7113	Promote	Events	@headlessly/promote-events	100	9	6	10	13	12	7	1	1
711410	Agents and Managers for Artists, Athletes, Entertainers, and Other Public Figures	Arts, Entertainment, and Recreation	71	Performing Arts, Spectator Sports, and Related Industries	711	Agents and Managers for Artists, Athletes, Entertainers, and Other Public Figures	7114	Represent	Talent	@headlessly/represent-talent	100	9	6	10	12	11	7	1	1
711510	Independent Artists, Writers, and Performers	Arts, Entertainment, and Recreation	71	Performing Arts, Spectator Sports, and Related Industries	711	Independent Artists, Writers, and Performers	7115	Create	Art	@headlessly/create-art	100	9	6	10	12	12	7	1	1
712110	Museums	Arts, Entertainment, and Recreation	71	Museums, Historical Sites, and Similar Institutions	712	Museums, Historical Sites, and Similar Institutions	7121	Exhibit	History	@headlessly/exhibit-history	100	9	6	10	13	12	7	1	1
712120	Historical Sites	Arts, Entertainment, and Recreation	71	Museums, Historical Sites, and Similar Institutions	712	Museums, Historical Sites, and Similar Institutions	7121	Exhibit	Sites	@headlessly/exhibit-sites	100	9	6	10	12	11	7	1	1
712130	Zoos and Botanical Gardens	Arts, Entertainment, and Recreation	71	Museums, Historical Sites, and Similar Institutions	712	Museums, Historical Sites, and Similar Institutions	7121	Exhibit	Nature	@headlessly/exhibit-nature	100	9	6	10	13	12	7	1	1
712190	Nature Parks and Other Similar Institutions	Arts, Entertainment, and Recreation	71	Museums, Historical Sites, and Similar Institutions	712	Museums, Historical Sites, and Similar Institutions	7121	Exhibit	Culture	@headlessly/exhibit-culture	100	9	6	10	12	11	7	1	1
713110	Amusement and Theme Parks	Arts, Entertainment, and Recreation	71	Amusement, Gambling, and Recreation Industries	713	Amusement Parks and Arcades	7131	Operate	Rides	@headlessly/operate-rides	100	9	6	10	12	11	7	1	1
713120	Amusement Arcades	Arts, Entertainment, and Recreation	71	Amusement, Gambling, and Recreation Industries	713	Amusement Parks and Arcades	7131	Operate	Arcades	@headlessly/operate-arcades	100	9	6	10	12	11	7	1	1
713210	Casinos (except Casino Hotels)	Arts, Entertainment, and Recreation	71	Amusement, Gambling, and Recreation Industries	713	Gambling Industries	7132	Operate	Casinos	@headlessly/operate-casinos	100	9	6	10	13	12	7	1	1
713290	Other Gambling Industries	Arts, Entertainment, and Recreation	71	Amusement, Gambling, and Recreation Industries	713	Gambling Industries	7132	Operate	Gambling	@headlessly/operate-gambling	100	9	6	10	12	11	7	1	1
713910	Golf Courses and Country Clubs	Arts, Entertainment, and Recreation	71	Amusement, Gambling, and Recreation Industries	713	Other Amusement and Recreation Industries	7139	Recreate	Golf	@headlessly/recreate-golf	100	9	6	10	12	11	7	1	1
713920	Skiing Facilities	Arts, Entertainment, and Recreation	71	Amusement, Gambling, and Recreation Industries	713	Other Amusement and Recreation Industries	7139	Recreate	Skiing	@headlessly/recreate-skiing	100	9	6	10	12	12	7	1	1
713930	Marinas	Arts, Entertainment, and Recreation	71	Amusement, Gambling, and Recreation Industries	713	Other Amusement and Recreation Industries	7139	Recreate	Marinas	@headlessly/recreate-marinas	100	9	6	10	12	12	7	1	1
713940	Fitness and Recreational Sports Centers	Arts, Entertainment, and Recreation	71	Amusement, Gambling, and Recreation Industries	713	Other Amusement and Recreation Industries	7139	Recreate	Fitness	@headlessly/recreate-fitness	100	9	6	10	12	12	7	1	1
713950	Bowling Centers	Arts, Entertainment, and Recreation	71	Amusement, Gambling, and Recreation Industries	713	Other Amusement and Recreation Industries	7139	Recreate	Bowling	@headlessly/recreate-bowling	100	9	6	10	12	11	7	1	1
713990	All Other Amusement and Recreation Industries	Arts, Entertainment, and Recreation	71	Amusement, Gambling, and Recreation Industries	713	Other Amusement and Recreation Industries	7139	Recreate	Recreation	@headlessly/recreate-recreation	100	9	6	10	12	11	7	1	1
721110	Hotels (except Casino Hotels) and Motels	Accommodation and Food Services	72	Accommodation	721	Traveler Accommodation	7211	Lodge	Guests	@headlessly/lodge-guests	100	9	6	10	14	14	8	1	1
721120	Casino Hotels	Accommodation and Food Services	72	Accommodation	721	Traveler Accommodation	7211	Lodge	Casinos	@headlessly/lodge-casinos	100	9	6	11	14	14	8	1	1
721191	Bed-and-Breakfast Inns	Accommodation and Food Services	72	Accommodation	721	Traveler Accommodation	7211	Lodge	Resorts	@headlessly/lodge-resorts	100	8	4	10	14	13	8	1	1
721199	All Other Traveler Accommodation	Accommodation and Food Services	72	Accommodation	721	Traveler Accommodation	7211	Lodge	Travelers	@headlessly/lodge-travelers	100	8	4	10	14	14	8	1	1
721211	RV (Recreational Vehicle) Parks and Campgrounds	Accommodation and Food Services	72	Accommodation	721	RV (Recreational Vehicle) Parks and Recreational Camps	7212	Camp	Campers	@headlessly/camp-campers	100	8	5	10	14	13	8	1	1
721214	Recreational and Vacation Camps (except Campgrounds)	Accommodation and Food Services	72	Accommodation	721	RV (Recreational Vehicle) Parks and Recreational Camps	7212	Camp	Campers	@headlessly/camp-campers	100	8	6	10	14	13	8	1	1
721310	Rooming and Boarding Houses, Dormitories, and Workers' Camps	Accommodation and Food Services	72	Accommodation	721	Rooming and Boarding Houses, Dormitories, and Workers' Camps	7213	Board	Boarders	@headlessly/board-boarders	100	8	5	10	14	14	8	1	1
722310	Food Service Contractors	Accommodation and Food Services	72	Food Services and Drinking Places	722	Special Food Services	7223	Cater	Events	@headlessly/cater-events	100	9	6	10	14	14	8	1	1
722320	Caterers	Accommodation and Food Services	72	Food Services and Drinking Places	722	Special Food Services	7223	Cater	Caterers	@headlessly/cater-caterers	100	9	6	10	14	15	8	1	1
722330	Mobile Food Services	Accommodation and Food Services	72	Food Services and Drinking Places	722	Special Food Services	7223	Cater	Concessions	@headlessly/cater-concessions	100	9	5	10	14	14	8	1	1
722410	Drinking Places (Alcoholic Beverages)	Accommodation and Food Services	72	Food Services and Drinking Places	722	Drinking Places (Alcoholic Beverages)	7224	Serve	Drinks	@headlessly/serve-drinks	100	9	6	10	14	14	8	1	1
722511	Full-Service Restaurants	Accommodation and Food Services	72	Food Services and Drinking Places	722	Restaurants and Other Eating Places	7225	Serve	Diners	@headlessly/serve-diners	100	9	8	10	14	14	8	1	1
722513	Limited-Service Restaurants	Accommodation and Food Services	72	Food Services and Drinking Places	722	Restaurants and Other Eating Places	7225	Serve	Fast Food	@headlessly/serve-fast-food	100	9	6	10	14	14	8	1	1
722514	Cafeterias, Grill Buffets, and Buffets	Accommodation and Food Services	72	Food Services and Drinking Places	722	Restaurants and Other Eating Places	7225	Serve	Diners	@headlessly/serve-diners	100	8	6	10	14	14	8	1	1
722515	Snack and Nonalcoholic Beverage Bars	Accommodation and Food Services	72	Food Services and Drinking Places	722	Restaurants and Other Eating Places	7225	Serve	Snacks	@headlessly/serve-snacks	100	9	6	10	14	14	8	1	1
811111	General Automotive Repair	Other Services (except Public Administration)	81	Repair and Maintenance	811	Automotive Repair and Maintenance	8111	Repair	Engines	@headlessly/repair-engines	100	8	6	10	13	12	7	1	1
811114	Specialized Automotive Repair	Other Services (except Public Administration)	81	Repair and Maintenance	811	Automotive Repair and Maintenance	8111	Repair	Specialized Automotive	@headlessly/repair-specialized-automotive	100	7	5	10	12	10	6	1	1
811121	Automotive Body, Paint, and Interior Repair and Maintenance	Other Services (except Public Administration)	81	Repair and Maintenance	811	Automotive Repair and Maintenance	8111	Repair	Bodies	@headlessly/repair-bodies	100	8	6	10	13	12	7	1	1
811122	Automotive Glass Replacement Shops	Other Services (except Public Administration)	81	Repair and Maintenance	811	Automotive Repair and Maintenance	8111	Repair	Interiors	@headlessly/repair-interiors	100	7	6	10	12	12	6	1	1
811191	Automotive Oil Change and Lubrication Shops	Other Services (except Public Administration)	81	Repair and Maintenance	811	Automotive Repair and Maintenance	8111	Repair	Glass	@headlessly/repair-glass	100	7	5	10	12	11	6	1	1
811192	Car Washes	Other Services (except Public Administration)	81	Repair and Maintenance	811	Automotive Repair and Maintenance	8111	Repair	Washes	@headlessly/repair-washes	100	7	5	10	12	10	6	1	1
811198	All Other Automotive Repair and Maintenance	Other Services (except Public Administration)	81	Repair and Maintenance	811	Automotive Repair and Maintenance	8111	Repair	Vehicles	@headlessly/repair-vehicles	100	7	5	10	12	12	6	1	1
811210	Electronic and Precision Equipment Repair and Maintenance	Other Services (except Public Administration)	81	Repair and Maintenance	811	Electronic and Precision Equipment Repair and Maintenance	8112	Repair	Electronics	@headlessly/repair-electronics	100	8	6	10	12	11	6	1	1
811310	Commercial and Industrial Machinery and Equipment (except Automotive and Electronic) Repair and Maintenance	Other Services (except Public Administration)	81	Repair and Maintenance	811	Commercial and Industrial Machinery and Equipment (except Automotive and Electronic) Repair and Maintenance	8113	Repair	Machinery	@headlessly/repair-machinery	100	8	6	10	13	12	6	1	1
811411	Home and Garden Equipment Repair and Maintenance	Other Services (except Public Administration)	81	Repair and Maintenance	811	Personal and Household Goods Repair and Maintenance	8114	Repair	Upholstery	@headlessly/repair-upholstery	100	7	5	10	12	11	6	1	1
811412	Appliance Repair and Maintenance	Other Services (except Public Administration)	81	Repair and Maintenance	811	Personal and Household Goods Repair and Maintenance	8114	Repair	Clothing	@headlessly/repair-clothing	100	7	5	10	12	11	6	1	1
811420	Reupholstery and Furniture Repair	Other Services (except Public Administration)	81	Repair and Maintenance	811	Personal and Household Goods Repair and Maintenance	8114	Repair	Appliances	@headlessly/repair-appliances	100	8	6	10	12	10	6	1	1
811430	Footwear and Leather Goods Repair	Other Services (except Public Administration)	81	Repair and Maintenance	811	Personal and Household Goods Repair and Maintenance	8114	Repair	Shoes	@headlessly/repair-shoes	100	7	5	10	12	10	6	1	1
811490	Other Personal and Household Goods Repair and Maintenance	Other Services (except Public Administration)	81	Repair and Maintenance	811	Personal and Household Goods Repair and Maintenance	8114	Repair	Goods	@headlessly/repair-goods	100	7	6	10	12	11	6	1	1
812111	Barber Shops	Other Services (except Public Administration)	81	Personal and Laundry Services	812	Personal Care Services	8121	Groom	Hair	@headlessly/groom-hair	100	7	5	10	12	10	6	1	1
812112	Beauty Salons	Other Services (except Public Administration)	81	Personal and Laundry Services	812	Personal Care Services	8121	Groom	Nails	@headlessly/groom-nails	100	7	6	10	12	11	6	1	1
812113	Nail Salons	Other Services (except Public Administration)	81	Personal and Laundry Services	812	Personal Care Services	8121	Groom	Faces	@headlessly/groom-faces	100	7	5	10	12	11	6	1	1
812191	Diet and Weight Reducing Centers	Other Services (except Public Administration)	81	Personal and Laundry Services	812	Personal Care Services	8121	Groom	Diets	@headlessly/groom-diets	100	7	5	10	12	10	6	1	1
812199	Other Personal Care Services	Other Services (except Public Administration)	81	Personal and Laundry Services	812	Personal Care Services	8121	Groom	Beauty	@headlessly/groom-beauty	100	7	6	10	12	11	6	1	1
812210	Funeral Homes and Funeral Services	Other Services (except Public Administration)	81	Personal and Laundry Services	812	Death Care Services	8122	Inter	Deceased	@headlessly/inter-deceased	100	8	6	10	12	11	6	1	1
812220	Cemeteries and Crematories	Other Services (except Public Administration)	81	Personal and Laundry Services	812	Death Care Services	8122	Inter	Remains	@headlessly/inter-remains	100	7	6	10	12	10	6	1	1
812310	Coin-Operated Laundries and Drycleaners	Other Services (except Public Administration)	81	Personal and Laundry Services	812	Drycleaning and Laundry Services	8123	Launder	Laundry	@headlessly/launder-laundry	100	7	5	10	12	10	6	1	1
812320	Drycleaning and Laundry Services (except Coin-Operated)	Other Services (except Public Administration)	81	Personal and Laundry Services	812	Drycleaning and Laundry Services	8123	Launder	Dry Cleaning	@headlessly/launder-dry-cleaning	100	7	6	10	12	10	6	1	1
812331	Linen Supply	Other Services (except Public Administration)	81	Personal and Laundry Services	812	Drycleaning and Laundry Services	8123	Launder	Linens	@headlessly/launder-linens	100	7	6	10	12	10	6	1	1
812332	Industrial Launderers	Other Services (except Public Administration)	81	Personal and Laundry Services	812	Drycleaning and Laundry Services	8123	Launder	Uniforms	@headlessly/launder-uniforms	100	7	6	10	12	10	6	1	1
812910	Pet Care (except Veterinary) Services	Other Services (except Public Administration)	81	Personal and Laundry Services	812	Other Personal Services	8129	Serve	Pets	@headlessly/serve-pets	100	7	6	10	12	11	6	1	1
812921	Photofinishing Laboratories (except One-Hour)	Other Services (except Public Administration)	81	Personal and Laundry Services	812	Other Personal Services	8129	Serve	Photos	@headlessly/serve-photos	100	7	6	10	12	10	6	1	1
812922	One-Hour Photofinishing	Other Services (except Public Administration)	81	Personal and Laundry Services	812	Other Personal Services	8129	Serve	Dates	@headlessly/serve-dates	100	7	5	10	12	10	6	1	1
812930	Parking Lots and Garages	Other Services (except Public Administration)	81	Personal and Laundry Services	812	Other Personal Services	8129	Serve	Parking	@headlessly/serve-parking	100	7	6	10	12	11	6	1	1
812990	All Other Personal Services	Other Services (except Public Administration)	81	Personal and Laundry Services	812	Other Personal Services	8129	Serve	Personal	@headlessly/serve-personal	100	7	6	10	12	10	6	1	1
813110	Religious Organizations	Other Services (except Public Administration)	81	Religious, Grantmaking, Civic, Professional, and Similar Organizations	813	Religious Organizations	8131	Worship	Faith	@headlessly/worship-faith	100	8	8	12	14	14	8	1	1
813211	Grantmaking Foundations	Other Services (except Public Administration)	81	Religious, Grantmaking, Civic, Professional, and Similar Organizations	813	Grantmaking and Giving Services	8132	Grant	Causes	@headlessly/grant-causes	100	8	8	12	14	14	8	1	1
813212	Voluntary Health Organizations	Other Services (except Public Administration)	81	Religious, Grantmaking, Civic, Professional, and Similar Organizations	813	Grantmaking and Giving Services	8132	Grant	Charities	@headlessly/grant-charities	100	8	8	12	14	14	8	1	1
813219	Other Grantmaking and Giving Services	Other Services (except Public Administration)	81	Religious, Grantmaking, Civic, Professional, and Similar Organizations	813	Grantmaking and Giving Services	8132	Grant	Donations	@headlessly/grant-donations	100	8	8	12	14	14	8	1	1
813311	Human Rights Organizations	Other Services (except Public Administration)	81	Religious, Grantmaking, Civic, Professional, and Similar Organizations	813	Social Advocacy Organizations	8133	Advocate	Rights	@headlessly/advocate-rights	100	8	8	12	14	14	8	1	1
813312	Environment, Conservation and Wildlife Organizations	Other Services (except Public Administration)	81	Religious, Grantmaking, Civic, Professional, and Similar Organizations	813	Social Advocacy Organizations	8133	Advocate	Environment	@headlessly/advocate-environment	100	8	8	12	14	14	8	1	1
813319	Other Social Advocacy Organizations	Other Services (except Public Administration)	81	Religious, Grantmaking, Civic, Professional, and Similar Organizations	813	Social Advocacy Organizations	8133	Advocate	Causes	@headlessly/advocate-causes	100	8	8	12	14	14	8	1	1
813410	Civic and Social Organizations	Other Services (except Public Administration)	81	Religious, Grantmaking, Civic, Professional, and Similar Organizations	813	Civic and Social Organizations	8134	Organize	Communities	@headlessly/organize-communities	100	8	8	12	14	14	8	1	1
813910	Business Associations	Other Services (except Public Administration)	81	Religious, Grantmaking, Civic, Professional, and Similar Organizations	813	Business, Professional, Labor, Political, and Similar Organizations	8139	Represent	Industries	@headlessly/represent-industries	100	8	8	12	14	14	8	1	1
813920	Professional Organizations	Other Services (except Public Administration)	81	Religious, Grantmaking, Civic, Professional, and Similar Organizations	813	Business, Professional, Labor, Political, and Similar Organizations	8139	Represent	Professions	@headlessly/represent-professions	100	8	8	12	14	14	8	1	1
813930	Labor Unions and Similar Labor Organizations	Other Services (except Public Administration)	81	Religious, Grantmaking, Civic, Professional, and Similar Organizations	813	Business, Professional, Labor, Political, and Similar Organizations	8139	Represent	Labor	@headlessly/represent-labor	100	8	8	12	14	14	8	1	1
813940	Political Organizations	Other Services (except Public Administration)	81	Religious, Grantmaking, Civic, Professional, and Similar Organizations	813	Business, Professional, Labor, Political, and Similar Organizations	8139	Represent	Politics	@headlessly/represent-politics	100	8	8	12	14	14	8	1	1
813990	Other Similar Organizations (except Business, Professional, Labor, and Political Organizations)	Other Services (except Public Administration)	81	Religious, Grantmaking, Civic, Professional, and Similar Organizations	813	Business, Professional, Labor, Political, and Similar Organizations	8139	Represent	Members	@headlessly/represent-members	100	8	8	12	14	14	8	1	1
814110	Private Households	Other Services (except Public Administration)	81	Private Households	814	Private Households	8141	Employ	Households	@headlessly/employ-households	100	8	8	12	14	14	8	1	1
921110	Executive Offices	Public Administration	92	Executive, Legislative, and Other General Government Support	921	Executive, Legislative, and Other General Government Support	9211	Govern	Executive	@headlessly/govern-executive	100	9	6	10	14	14	7	1	1
921120	Legislative Bodies	Public Administration	92	Executive, Legislative, and Other General Government Support	921	Executive, Legislative, and Other General Government Support	9211	Govern	Legislative	@headlessly/govern-legislative	100	8	6	11	14	13	7	1	1
921130	Public Finance Activities	Public Administration	92	Executive, Legislative, and Other General Government Support	921	Executive, Legislative, and Other General Government Support	9211	Govern	Finance	@headlessly/govern-finance	100	8	6	11	14	13	7	1	1
921140	Executive and Legislative Offices, Combined	Public Administration	92	Executive, Legislative, and Other General Government Support	921	Executive, Legislative, and Other General Government Support	9211	Govern	Statistics	@headlessly/govern-statistics	100	8	6	11	14	14	7	1	1
921150	American Indian and Alaska Native Tribal Governments	Public Administration	92	Executive, Legislative, and Other General Government Support	921	Executive, Legislative, and Other General Government Support	9211	Govern	Budgets	@headlessly/govern-budgets	100	8	6	11	14	14	7	1	1
921190	Other General Government Support	Public Administration	92	Executive, Legislative, and Other General Government Support	921	Executive, Legislative, and Other General Government Support	9211	Govern	Government	@headlessly/govern-government	100	8	6	11	14	14	7	1	1
922110	Courts	Public Administration	92	Justice, Public Order, and Safety Activities	922	Justice, Public Order, and Safety Activities	9221	Enforce	Courts	@headlessly/enforce-courts	100	8	6	12	14	14	7	1	1
922120	Police Protection	Public Administration	92	Justice, Public Order, and Safety Activities	922	Justice, Public Order, and Safety Activities	9221	Enforce	Police	@headlessly/enforce-police	100	8	6	11	14	14	7	1	1
922130	Legal Counsel and Prosecution	Public Administration	92	Justice, Public Order, and Safety Activities	922	Justice, Public Order, and Safety Activities	9221	Enforce	Legal	@headlessly/enforce-legal	100	8	6	11	14	14	7	1	1
922140	Correctional Institutions	Public Administration	92	Justice, Public Order, and Safety Activities	922	Justice, Public Order, and Safety Activities	9221	Enforce	Corrections	@headlessly/enforce-corrections	100	8	6	11	14	14	7	1	1
922150	Parole Offices and Probation Offices	Public Administration	92	Justice, Public Order, and Safety Activities	922	Justice, Public Order, and Safety Activities	9221	Enforce	Parole	@headlessly/enforce-parole	100	8	6	11	14	14	7	1	1
922160	Fire Protection	Public Administration	92	Justice, Public Order, and Safety Activities	922	Justice, Public Order, and Safety Activities	9221	Enforce	Fire	@headlessly/enforce-fire	100	8	6	11	14	14	7	1	1
922190	Other Justice, Public Order, and Safety Activities	Public Administration	92	Justice, Public Order, and Safety Activities	922	Justice, Public Order, and Safety Activities	9221	Enforce	Safety	@headlessly/enforce-safety	100	8	6	11	14	14	7	1	1
923110	Administration of Education Programs	Public Administration	92	Administration of Human Resource Programs	923	Administration of Human Resource Programs	9231	Administer	Education	@headlessly/administer-education	100	8	6	11	14	14	7	1	1
923120	Administration of Public Health Programs	Public Administration	92	Administration of Human Resource Programs	923	Administration of Human Resource Programs	9231	Administer	Health	@headlessly/administer-health	100	8	6	11	14	14	7	1	1
923130	Administration of Human Resource Programs (except Education, Public Health, and Veterans' Affairs Programs)	Public Administration	92	Administration of Human Resource Programs	923	Administration of Human Resource Programs	9231	Administer	Veterans	@headlessly/administer-veterans	100	8	6	11	14	14	7	1	1
923140	Administration of Veterans' Affairs	Public Administration	92	Administration of Human Resource Programs	923	Administration of Human Resource Programs	9231	Administer	Welfare	@headlessly/administer-welfare	100	8	6	11	14	14	7	1	1
924110	Administration of Air and Water Resource and Solid Waste Management Programs	Public Administration	92	Administration of Environmental Quality Programs	924	Administration of Environmental Quality Programs	9241	Administer	Air	@headlessly/administer-air	100	8	6	11	14	14	7	1	1
924120	Administration of Conservation Programs	Public Administration	92	Administration of Environmental Quality Programs	924	Administration of Environmental Quality Programs	9241	Administer	Conservation	@headlessly/administer-conservation	100	8	6	11	14	14	7	1	1
925110	Administration of Housing Programs	Public Administration	92	Administration of Housing Programs, Urban Planning, and Community Development	925	Administration of Housing Programs, Urban Planning, and Community Development	9251	Administer	Administration Housing	@headlessly/administer-administration-housing	100	8	6	11	14	14	7	1	1
925120	Administration of Urban Planning and Community and Rural Development	Public Administration	92	Administration of Housing Programs, Urban Planning, and Community Development	925	Administration of Housing Programs, Urban Planning, and Community Development	9251	Administer	Administration Urban	@headlessly/administer-administration-urban	100	8	6	11	14	14	7	1	1
926110	Administration of General Economic Programs	Public Administration	92	Administration of Economic Programs	926	Administration of Economic Programs	9261	Administer	Commerce	@headlessly/administer-commerce	100	8	6	11	14	14	7	1	1
926120	Regulation and Administration of Transportation Programs	Public Administration	92	Administration of Economic Programs	926	Administration of Economic Programs	9261	Administer	Agriculture	@headlessly/administer-agriculture	100	8	6	11	14	14	7	1	1
926130	Regulation and Administration of Communications, Electric, Gas, and Other Utilities	Public Administration	92	Administration of Economic Programs	926	Administration of Economic Programs	9261	Administer	Energy	@headlessly/administer-energy	100	8	6	11	14	14	7	1	1
926140	Regulation of Agricultural Marketing and Commodities	Public Administration	92	Administration of Economic Programs	926	Administration of Economic Programs	9261	Administer	Tourism	@headlessly/administer-tourism	100	8	6	11	14	14	7	1	1
926150	Regulation, Licensing, and Inspection of Miscellaneous Commercial Sectors	Public Administration	92	Administration of Economic Programs	926	Administration of Economic Programs	9261	Administer	Banking	@headlessly/administer-banking	100	8	6	11	14	14	7	1	1
927110	Space Research and Technology	Public Administration	92	Space Research and Technology	927	Space Research and Technology	9271	Research	Space	@headlessly/research-space	100	8	6	11	14	14	7	1	1
928110	National Security	Public Administration	92	National Security and International Affairs	928	National Security and International Affairs	9281	Defend	Defense	@headlessly/defend-defense	100	8	6	11	14	14	7	1	1
928120	International Affairs	Public Administration	92	National Security and International Affairs	928	National Security and International Affairs	9281	Defend	Diplomacy	@headlessly/defend-diplomacy	100	8	6	11	14	14	7	1	1